[{"model": "contenttypes.contenttype", "pk": 1, "fields": {"app_label": "admin", "model": "logentry"}}, {"model": "contenttypes.contenttype", "pk": 2, "fields": {"app_label": "auth", "model": "permission"}}, {"model": "contenttypes.contenttype", "pk": 3, "fields": {"app_label": "auth", "model": "group"}}, {"model": "contenttypes.contenttype", "pk": 4, "fields": {"app_label": "auth", "model": "user"}}, {"model": "contenttypes.contenttype", "pk": 5, "fields": {"app_label": "contenttypes", "model": "contenttype"}}, {"model": "contenttypes.contenttype", "pk": 6, "fields": {"app_label": "sessions", "model": "session"}}, {"model": "contenttypes.contenttype", "pk": 7, "fields": {"app_label": "ads", "model": "ads"}}, {"model": "contenttypes.contenttype", "pk": 8, "fields": {"app_label": "ads", "model": "adsbottombanner"}}, {"model": "contenttypes.contenttype", "pk": 9, "fields": {"app_label": "ads", "model": "adsrightbanner"}}, {"model": "contenttypes.contenttype", "pk": 10, "fields": {"app_label": "ads", "model": "adstopbanner"}}, {"model": "contenttypes.contenttype", "pk": 11, "fields": {"app_label": "ads", "model": "category"}}, {"model": "contenttypes.contenttype", "pk": 12, "fields": {"app_label": "ads", "model": "conversation"}}, {"model": "contenttypes.contenttype", "pk": 13, "fields": {"app_label": "ads", "model": "county"}}, {"model": "contenttypes.contenttype", "pk": 14, "fields": {"app_label": "ads", "model": "message"}}, {"model": "contenttypes.contenttype", "pk": 15, "fields": {"app_label": "ads", "model": "city"}}, {"model": "contenttypes.contenttype", "pk": 16, "fields": {"app_label": "ads", "model": "author"}}, {"model": "contenttypes.contenttype", "pk": 17, "fields": {"app_label": "ads", "model": "adsimages"}}, {"model": "contenttypes.contenttype", "pk": 18, "fields": {"app_label": "ads", "model": "profile"}}, {"model": "contenttypes.contenttype", "pk": 19, "fields": {"app_label": "ads", "model": "savedad"}}, {"model": "contenttypes.contenttype", "pk": 20, "fields": {"app_label": "profiles", "model": "profile"}}, {"model": "contenttypes.contenttype", "pk": 21, "fields": {"app_label": "profiles", "model": "review"}}, {"model": "contenttypes.contenttype", "pk": 22, "fields": {"app_label": "profiles", "model": "savedsearch"}}, {"model": "contenttypes.contenttype", "pk": 23, "fields": {"app_label": "profiles", "model": "message"}}, {"model": "contenttypes.contenttype", "pk": 24, "fields": {"app_label": "payments", "model": "mpesapayment"}}, {"model": "sessions.session", "pk": "5c4wsj0zktdavr24gipx2y4qffin73p5", "fields": {"session_data": "NTRlMzcwNTgyZWQ2YjViM2YyYWMzMDU1Njg0ZTE1ZTg4ZDMyZTBiNDp7fQ==", "expire_date": "2025-02-24T18:14:57.479Z"}}, {"model": "sessions.session", "pk": "6l5umw0o1q90sdn7lw711hiktrj9micg", "fields": {"session_data": "NDhhYTRiODk3MjIwNGZkZWNmOGI4MWQ2MTM5YmYzNWI1YWU2YzA0ODp7Il9hdXRoX3VzZXJfaWQiOiI0IiwiX2F1dGhfdXNlcl9iYWNrZW5kIjoiZGphbmdvLmNvbnRyaWIuYXV0aC5iYWNrZW5kcy5Nb2RlbEJhY2tlbmQiLCJfYXV0aF91c2VyX2hhc2giOiJlNWY4M2ZmYWYwMmE0MDkwY2FjZjdiOGZmMWFmYTljMmQzY2MyYmFjIiwidmlld2VkX2FkcyI6WyI4IiwiMTAiLCI5IiwiNyIsIjYiXX0=", "expire_date": "2025-02-23T14:05:49.549Z"}}, {"model": "sessions.session", "pk": "7siwy1a0tzi6xyfnc91b2xr5rmrywcv4", "fields": {"session_data": "NTg0ZDJmM2FjNDhmYWRmMWNiYmYwMzc4YTJiZmRkZDdlYmJiOGZjNTp7Il9hdXRoX3VzZXJfaWQiOiIxIiwiX2F1dGhfdXNlcl9iYWNrZW5kIjoiZGphbmdvLmNvbnRyaWIuYXV0aC5iYWNrZW5kcy5Nb2RlbEJhY2tlbmQiLCJfYXV0aF91c2VyX2hhc2giOiIzM2IwMDg4ZDNlMDA2MjE4ZjU2Y2ZkN2U5NWUxMGFkMmU0ZDk4MDY2In0=", "expire_date": "2025-02-24T15:39:22.447Z"}}, {"model": "sessions.session", "pk": "87j0ene657s1mqouzhvarljeargcdyse", "fields": {"session_data": "NTRlMzcwNTgyZWQ2YjViM2YyYWMzMDU1Njg0ZTE1ZTg4ZDMyZTBiNDp7fQ==", "expire_date": "2025-02-24T15:38:27.230Z"}}, {"model": "sessions.session", "pk": "8t74hjeg6ieo9nu4k2crlh7zhp3xji9k", "fields": {"session_data": "ZGUxZGYyYjQ1MjQ1YjRkNGFmZjU0ZTE3NjdmYjAwZjRmNzY1MDU1Nzp7Il9hdXRoX3VzZXJfaWQiOiIxNSIsIl9hdXRoX3VzZXJfYmFja2VuZCI6ImRqYW5nby5jb250cmliLmF1dGguYmFja2VuZHMuTW9kZWxCYWNrZW5kIiwiX2F1dGhfdXNlcl9oYXNoIjoiZjkxZjQyOGVmZjA2OGMwNTA1MGFhYjE3OTVmOTMxYjFhZjQzY2Q1YyJ9", "expire_date": "2025-02-27T09:10:21.607Z"}}, {"model": "sessions.session", "pk": "8va2u5jqb36vih9ytd61ahbyd02dlvab", "fields": {"session_data": "NTg0ZDJmM2FjNDhmYWRmMWNiYmYwMzc4YTJiZmRkZDdlYmJiOGZjNTp7Il9hdXRoX3VzZXJfaWQiOiIxIiwiX2F1dGhfdXNlcl9iYWNrZW5kIjoiZGphbmdvLmNvbnRyaWIuYXV0aC5iYWNrZW5kcy5Nb2RlbEJhY2tlbmQiLCJfYXV0aF91c2VyX2hhc2giOiIzM2IwMDg4ZDNlMDA2MjE4ZjU2Y2ZkN2U5NWUxMGFkMmU0ZDk4MDY2In0=", "expire_date": "2025-02-19T07:47:51.901Z"}}, {"model": "sessions.session", "pk": "bspbjvmnpd3t80by4bz7lijnxyjj1x1k", "fields": {"session_data": "ODQxN2UzMThlNTMxYzZhZDBlMWFkMDgzNGEwN2UzMTg2Nzk3OGY0MTp7Il9hdXRoX3VzZXJfaWQiOiIxNCIsIl9hdXRoX3VzZXJfYmFja2VuZCI6ImRqYW5nby5jb250cmliLmF1dGguYmFja2VuZHMuTW9kZWxCYWNrZW5kIiwiX2F1dGhfdXNlcl9oYXNoIjoiODg1YWFlYWU4OWMyOTVmZTJlY2RhZWM2YTZkMzVlYzk4NmY5NjcyNCIsInZpZXdlZF9hZHMiOlsiMTQiLCIxMyIsIjEyIiwiMTEiXX0=", "expire_date": "2025-02-28T06:41:55.185Z"}}, {"model": "sessions.session", "pk": "lxezayvcdc106306who0a90wx2ds67sh", "fields": {"session_data": "NDYyMTgxZjBlZjJiM2UxNGI5YWVhNjQ5NTM1NGFmOWEwMGIxMjhmNjp7Il9hdXRoX3VzZXJfaWQiOiIxNSIsIl9hdXRoX3VzZXJfYmFja2VuZCI6ImRqYW5nby5jb250cmliLmF1dGguYmFja2VuZHMuTW9kZWxCYWNrZW5kIiwiX2F1dGhfdXNlcl9oYXNoIjoiZjkxZjQyOGVmZjA2OGMwNTA1MGFhYjE3OTVmOTMxYjFhZjQzY2Q1YyIsInZpZXdlZF9hZHMiOlsiMTIiLCIxMSJdfQ==", "expire_date": "2025-02-26T17:04:43.808Z"}}, {"model": "sessions.session", "pk": "psmjochnpm2fd387acanhbr0r0a19zx2", "fields": {"session_data": "ZmJjYWM2MmE2NDA1NDc1ODgyOWZmOTczOWQyMjBkNTIyZDJhMzFiNzp7Il9hdXRoX3VzZXJfaWQiOiIzIiwiX2F1dGhfdXNlcl9iYWNrZW5kIjoiZGphbmdvLmNvbnRyaWIuYXV0aC5iYWNrZW5kcy5Nb2RlbEJhY2tlbmQiLCJfYXV0aF91c2VyX2hhc2giOiI4MmI0NDQzNjRmMDJiNzEwNTM3NjA4NDFjMTgwM2NjOTFlYjM5MzhjIiwidmlld2VkX2FkcyI6WyIzIiwiOCJdfQ==", "expire_date": "2025-02-23T13:44:46.809Z"}}, {"model": "sessions.session", "pk": "r3twrlnaav4lj29dg86tz9fl69zudp48", "fields": {"session_data": "ZTcxYWZhY2ZjYTMzNTVlOTU3MWEzNjdlZjI2NWUwM2IzZDIyYWVlYjp7Il9hdXRoX3VzZXJfaWQiOiIxNSIsIl9hdXRoX3VzZXJfYmFja2VuZCI6ImRqYW5nby5jb250cmliLmF1dGguYmFja2VuZHMuTW9kZWxCYWNrZW5kIiwiX2F1dGhfdXNlcl9oYXNoIjoiZjkxZjQyOGVmZjA2OGMwNTA1MGFhYjE3OTVmOTMxYjFhZjQzY2Q1YyIsInZpZXdlZF9hZHMiOlsiMTMiXX0=", "expire_date": "2025-02-27T17:15:06.457Z"}}, {"model": "ads.county", "pk": 1, "fields": {"county_name": "Mombasa", "slug": "mombasa"}}, {"model": "ads.county", "pk": 2, "fields": {"county_name": "Kwale", "slug": "kwale"}}, {"model": "ads.county", "pk": 3, "fields": {"county_name": "Kilifi", "slug": "kilifi"}}, {"model": "ads.county", "pk": 4, "fields": {"county_name": "Tana River", "slug": "tana-river"}}, {"model": "ads.county", "pk": 5, "fields": {"county_name": "Lamu", "slug": "lamu"}}, {"model": "ads.county", "pk": 6, "fields": {"county_name": "Taita-Taveta", "slug": "taita-taveta"}}, {"model": "ads.county", "pk": 7, "fields": {"county_name": "Nairobi", "slug": "nairobi"}}, {"model": "ads.county", "pk": 8, "fields": {"county_name": "Kiambu", "slug": "kiambu"}}, {"model": "ads.county", "pk": 9, "fields": {"county_name": "Muranga", "slug": "muranga"}}, {"model": "ads.county", "pk": 10, "fields": {"county_name": "Kirinyaga", "slug": "kirinyaga"}}, {"model": "ads.county", "pk": 11, "fields": {"county_name": "Nyandarua", "slug": "nyandarua"}}, {"model": "ads.county", "pk": 12, "fields": {"county_name": "Nyeri", "slug": "nyeri"}}, {"model": "ads.county", "pk": 13, "fields": {"county_name": "Nakuru", "slug": "nakuru"}}, {"model": "ads.county", "pk": 14, "fields": {"county_name": "Laikipia", "slug": "laikipia"}}, {"model": "ads.county", "pk": 15, "fields": {"county_name": "Samburu", "slug": "samburu"}}, {"model": "ads.county", "pk": 16, "fields": {"county_name": "Trans-Nzoia", "slug": "trans-nzoia"}}, {"model": "ads.county", "pk": 17, "fields": {"county_name": "Uasin Gishu", "slug": "uasin-gishu"}}, {"model": "ads.county", "pk": 18, "fields": {"county_name": "Elgeyo-Marakwet", "slug": "elgeyo-marakwet"}}, {"model": "ads.county", "pk": 19, "fields": {"county_name": "Nandi", "slug": "nandi"}}, {"model": "ads.county", "pk": 20, "fields": {"county_name": "Baringo", "slug": "baringo"}}, {"model": "ads.county", "pk": 21, "fields": {"county_name": "Bomet", "slug": "bomet"}}, {"model": "ads.county", "pk": 22, "fields": {"county_name": "Bungoma", "slug": "bungoma"}}, {"model": "ads.county", "pk": 23, "fields": {"county_name": "Busia", "slug": "busia"}}, {"model": "ads.county", "pk": 24, "fields": {"county_name": "Embu", "slug": "embu"}}, {"model": "ads.county", "pk": 25, "fields": {"county_name": "Garissa", "slug": "garissa"}}, {"model": "ads.county", "pk": 26, "fields": {"county_name": "Homa Bay", "slug": "homa-bay"}}, {"model": "ads.county", "pk": 27, "fields": {"county_name": "Isiolo", "slug": "isiolo"}}, {"model": "ads.county", "pk": 28, "fields": {"county_name": "Kajiado", "slug": "kajiado"}}, {"model": "ads.county", "pk": 29, "fields": {"county_name": "Kakamega", "slug": "kakamega"}}, {"model": "ads.county", "pk": 30, "fields": {"county_name": "Kericho", "slug": "kericho"}}, {"model": "ads.county", "pk": 31, "fields": {"county_name": "Kisii", "slug": "kisii"}}, {"model": "ads.county", "pk": 32, "fields": {"county_name": "Kisumu", "slug": "kisumu"}}, {"model": "ads.county", "pk": 33, "fields": {"county_name": "Kitui", "slug": "kitui"}}, {"model": "ads.county", "pk": 34, "fields": {"county_name": "Machakos", "slug": "machakos"}}, {"model": "ads.county", "pk": 35, "fields": {"county_name": "Makueni", "slug": "makueni"}}, {"model": "ads.county", "pk": 36, "fields": {"county_name": "Mandera", "slug": "mandera"}}, {"model": "ads.county", "pk": 37, "fields": {"county_name": "Marsabit", "slug": "marsabit"}}, {"model": "ads.county", "pk": 38, "fields": {"county_name": "Meru", "slug": "meru"}}, {"model": "ads.county", "pk": 39, "fields": {"county_name": "Migori", "slug": "migori"}}, {"model": "ads.county", "pk": 40, "fields": {"county_name": "Narok", "slug": "narok"}}, {"model": "ads.county", "pk": 41, "fields": {"county_name": "Nyamira", "slug": "nyamira"}}, {"model": "ads.county", "pk": 42, "fields": {"county_name": "Siaya", "slug": "siaya"}}, {"model": "ads.county", "pk": 43, "fields": {"county_name": "Tharaka-Nithi", "slug": "tharaka-nithi"}}, {"model": "ads.county", "pk": 44, "fields": {"county_name": "Turkana", "slug": "turkana"}}, {"model": "ads.county", "pk": 45, "fields": {"county_name": "Vihiga", "slug": "vihiga"}}, {"model": "ads.county", "pk": 46, "fields": {"county_name": "Wajir", "slug": "wajir"}}, {"model": "ads.county", "pk": 47, "fields": {"county_name": "West Pokot", "slug": "west-pokot"}}, {"model": "ads.city", "pk": 1, "fields": {"city_name": "Mombasa", "slug": "mombasa", "county": 1}}, {"model": "ads.city", "pk": 2, "fields": {"city_name": "Likoni", "slug": "likoni", "county": 1}}, {"model": "ads.city", "pk": 3, "fields": {"city_name": "Kisauni", "slug": "kisauni", "county": 1}}, {"model": "ads.city", "pk": 4, "fields": {"city_name": "Nyali", "slug": "nyali", "county": 1}}, {"model": "ads.city", "pk": 5, "fields": {"city_name": "Mtwapa", "slug": "mtwapa", "county": 3}}, {"model": "ads.city", "pk": 6, "fields": {"city_name": "Lamu", "slug": "lamu", "county": 5}}, {"model": "ads.city", "pk": 8, "fields": {"city_name": "Mpeketoni", "slug": "mpeketoni", "county": 5}}, {"model": "ads.city", "pk": 9, "fields": {"city_name": "Faza", "slug": "faza", "county": 5}}, {"model": "ads.city", "pk": 10, "fields": {"city_name": "Witu", "slug": "witu", "county": 5}}, {"model": "ads.city", "pk": 11, "fields": {"city_name": "Taita-Taveta", "slug": "taita-taveta", "county": 6}}, {"model": "ads.city", "pk": 12, "fields": {"city_name": "Voi", "slug": "voi", "county": 6}}, {"model": "ads.city", "pk": 13, "fields": {"city_name": "Mwatate", "slug": "mwatate", "county": 6}}, {"model": "ads.city", "pk": 14, "fields": {"city_name": "Taveta", "slug": "taveta", "county": 6}}, {"model": "ads.city", "pk": 15, "fields": {"city_name": "Wundanyi", "slug": "wundanyi", "county": 6}}, {"model": "ads.city", "pk": 16, "fields": {"city_name": "Nairobi", "slug": "nairobi", "county": 7}}, {"model": "ads.city", "pk": 17, "fields": {"city_name": "Karen", "slug": "karen", "county": 7}}, {"model": "ads.city", "pk": 18, "fields": {"city_name": "Lang'ata", "slug": "langata", "county": 7}}, {"model": "ads.city", "pk": 19, "fields": {"city_name": "Westlands", "slug": "westlands", "county": 7}}, {"model": "ads.city", "pk": 20, "fields": {"city_name": "Embakasi", "slug": "embakasi", "county": 7}}, {"model": "ads.city", "pk": 21, "fields": {"city_name": "Kasarani", "slug": "kasarani", "county": 7}}, {"model": "ads.city", "pk": 22, "fields": {"city_name": "Kisumu", "slug": "kisumu", "county": 32}}, {"model": "ads.city", "pk": 23, "fields": {"city_name": "Ahero", "slug": "ahero", "county": 32}}, {"model": "ads.city", "pk": 24, "fields": {"city_name": "Muhoroni", "slug": "muhoroni", "county": 32}}, {"model": "ads.city", "pk": 25, "fields": {"city_name": "Homa Bay", "slug": "homa-bay", "county": 26}}, {"model": "ads.city", "pk": 26, "fields": {"city_name": "Kendu Bay", "slug": "kendu-bay", "county": 26}}, {"model": "ads.city", "pk": 27, "fields": {"city_name": "Mbita", "slug": "mbita", "county": 26}}, {"model": "ads.city", "pk": 28, "fields": {"city_name": "Oyugis", "slug": "oyugis", "county": 26}}, {"model": "ads.city", "pk": 29, "fields": {"city_name": "Migori", "slug": "migori", "county": 39}}, {"model": "ads.city", "pk": 30, "fields": {"city_name": "Rongo", "slug": "rongo", "county": 39}}, {"model": "ads.city", "pk": 31, "fields": {"city_name": "Awendo", "slug": "awendo", "county": 39}}, {"model": "ads.city", "pk": 32, "fields": {"city_name": "Uriri", "slug": "uriri", "county": 39}}, {"model": "ads.city", "pk": 33, "fields": {"city_name": "Siaya", "slug": "siaya", "county": 42}}, {"model": "ads.city", "pk": 34, "fields": {"city_name": "Bondo", "slug": "bondo", "county": 42}}, {"model": "ads.city", "pk": 35, "fields": {"city_name": "Ugunja", "slug": "ugunja", "county": 42}}, {"model": "ads.city", "pk": 36, "fields": {"city_name": "Yala", "slug": "yala", "county": 42}}, {"model": "ads.city", "pk": 37, "fields": {"city_name": "Nakuru", "slug": "nakuru", "county": 13}}, {"model": "ads.city", "pk": 38, "fields": {"city_name": "Naivasha", "slug": "naivasha", "county": 13}}, {"model": "ads.city", "pk": 39, "fields": {"city_name": "Gilgil", "slug": "gilgil", "county": 13}}, {"model": "ads.city", "pk": 40, "fields": {"city_name": "Molo", "slug": "molo", "county": 13}}, {"model": "ads.city", "pk": 41, "fields": {"city_name": "Njoro", "slug": "njoro", "county": 13}}, {"model": "ads.city", "pk": 42, "fields": {"city_name": "Uasin Gishu", "slug": "uasin-gishu", "county": 17}}, {"model": "ads.city", "pk": 43, "fields": {"city_name": "Kesses", "slug": "kesses", "county": 17}}, {"model": "ads.city", "pk": 44, "fields": {"city_name": "Moiben", "slug": "moiben", "county": 17}}, {"model": "ads.city", "pk": 45, "fields": {"city_name": "Burnt Forest", "slug": "burnt-forest", "county": 17}}, {"model": "ads.city", "pk": 46, "fields": {"city_name": "Ziwa", "slug": "ziwa", "county": 17}}, {"model": "ads.city", "pk": 47, "fields": {"city_name": "Turkana", "slug": "turkana", "county": 44}}, {"model": "ads.city", "pk": 48, "fields": {"city_name": "Kakuma", "slug": "kakuma", "county": 44}}, {"model": "ads.city", "pk": 49, "fields": {"city_name": "Lokichogio", "slug": "lokichogio", "county": 44}}, {"model": "ads.city", "pk": 50, "fields": {"city_name": "Kalokol", "slug": "kalokol", "county": 44}}, {"model": "ads.city", "pk": 51, "fields": {"city_name": "Lokichar", "slug": "lokichar", "county": 44}}, {"model": "ads.city", "pk": 52, "fields": {"city_name": "West Pokot", "slug": "west-pokot", "county": 47}}, {"model": "ads.city", "pk": 53, "fields": {"city_name": "Kacheliba", "slug": "kacheliba", "county": 47}}, {"model": "ads.city", "pk": 54, "fields": {"city_name": "Alale", "slug": "alale", "county": 47}}, {"model": "ads.city", "pk": 55, "fields": {"city_name": "Sigor", "slug": "sigor", "county": 47}}, {"model": "ads.city", "pk": 56, "fields": {"city_name": "Lomut", "slug": "lomut", "county": 47}}, {"model": "ads.city", "pk": 57, "fields": {"city_name": "Baringo", "slug": "baringo", "county": 20}}, {"model": "ads.city", "pk": 58, "fields": {"city_name": "Marigat", "slug": "marigat", "county": 20}}, {"model": "ads.city", "pk": 59, "fields": {"city_name": "Kabarnet", "slug": "kabarnet", "county": 20}}, {"model": "ads.city", "pk": 60, "fields": {"city_name": "Mogotio", "slug": "mogotio", "county": 20}}, {"model": "ads.city", "pk": 61, "fields": {"city_name": "Eldama Ravine", "slug": "eldama-ravine", "county": 20}}, {"model": "ads.city", "pk": 62, "fields": {"city_name": "Bomet", "slug": "bomet", "county": 21}}, {"model": "ads.category", "pk": 1, "fields": {"category": "Other", "slug": "other"}}, {"model": "ads.category", "pk": 2, "fields": {"category": "Beauty", "slug": "beauty"}}, {"model": "ads.category", "pk": 3, "fields": {"category": "Health", "slug": "health"}}, {"model": "ads.category", "pk": 4, "fields": {"category": "Beverages", "slug": "beverages"}}, {"model": "ads.category", "pk": 5, "fields": {"category": "Food", "slug": "food"}}, {"model": "ads.category", "pk": 6, "fields": {"category": "Other Sports & Outdoors", "slug": "other-sports-outdoors"}}, {"model": "ads.category", "pk": 7, "fields": {"category": "Sports Equipment", "slug": "sports-equipment"}}, {"model": "ads.category", "pk": 8, "fields": {"category": "Fitness", "slug": "fitness"}}, {"model": "ads.category", "pk": 9, "fields": {"category": "Other Agriculture", "slug": "other-agriculture"}}, {"model": "ads.category", "pk": 10, "fields": {"category": "Farming Equipment", "slug": "farming-equipment"}}, {"model": "ads.category", "pk": 11, "fields": {"category": "Livestock", "slug": "livestock"}}, {"model": "ads.category", "pk": 12, "fields": {"category": "Services", "slug": "services"}}, {"model": "ads.category", "pk": 13, "fields": {"category": "Jobs", "slug": "jobs"}}, {"model": "ads.category", "pk": 14, "fields": {"category": "Other Home & Office", "slug": "other-home-office"}}, {"model": "ads.category", "pk": 15, "fields": {"category": "Office Equipment", "slug": "office-equipment"}}, {"model": "ads.category", "pk": 16, "fields": {"category": "Home Decor", "slug": "home-decor"}}, {"model": "ads.category", "pk": 17, "fields": {"category": "Appliances", "slug": "appliances"}}, {"model": "ads.category", "pk": 18, "fields": {"category": "Furniture", "slug": "furniture"}}, {"model": "ads.category", "pk": 19, "fields": {"category": "Other Fashion", "slug": "other-fashion"}}, {"model": "ads.category", "pk": 20, "fields": {"category": "Kids' Fashion", "slug": "kids-fashion"}}, {"model": "ads.category", "pk": 21, "fields": {"category": "Women's Fashion", "slug": "womens-fashion"}}, {"model": "ads.category", "pk": 22, "fields": {"category": "Men's Fashion", "slug": "mens-fashion"}}, {"model": "ads.category", "pk": 23, "fields": {"category": "Other Electronics", "slug": "other-electronics"}}, {"model": "ads.category", "pk": 24, "fields": {"category": "Televisions", "slug": "televisions"}}, {"model": "ads.category", "pk": 25, "fields": {"category": "Tablets", "slug": "tablets"}}, {"model": "ads.category", "pk": 26, "fields": {"category": "Desktops", "slug": "desktops"}}, {"model": "ads.category", "pk": 27, "fields": {"category": "Laptops", "slug": "laptops"}}, {"model": "ads.category", "pk": 28, "fields": {"category": "Phones", "slug": "phones"}}, {"model": "ads.category", "pk": 29, "fields": {"category": "Other Property", "slug": "other-property"}}, {"model": "ads.category", "pk": 30, "fields": {"category": "Commercial Property", "slug": "commercial-property"}}, {"model": "ads.category", "pk": 31, "fields": {"category": "Land for Sale", "slug": "land-sale"}}, {"model": "ads.category", "pk": 32, "fields": {"category": "Houses & Apartments for Sale", "slug": "houses-apartments-sale"}}, {"model": "ads.category", "pk": 33, "fields": {"category": "Houses & Apartments for Rent", "slug": "houses-apartments-rent"}}, {"model": "ads.category", "pk": 34, "fields": {"category": "New Builds", "slug": "new-builds"}}, {"model": "ads.category", "pk": 35, "fields": {"category": "Other Vehicles", "slug": "other-vehicles"}}, {"model": "ads.category", "pk": 36, "fields": {"category": "Trucks", "slug": "trucks"}}, {"model": "ads.category", "pk": 37, "fields": {"category": "Motorcycles", "slug": "motorcycles"}}, {"model": "ads.category", "pk": 38, "fields": {"category": "Heavy Equipment", "slug": "heavy-equipment"}}, {"model": "ads.category", "pk": 39, "fields": {"category": "Buses & Microbuses", "slug": "buses-microbuses"}}, {"model": "ads.category", "pk": 40, "fields": {"category": "Cars", "slug": "cars"}}, {"model": "ads.category", "pk": 42, "fields": {"category": "Adult Products", "slug": "adult-products"}}, {"model": "ads.category", "pk": 43, "fields": {"category": "Intimacy & Relationships", "slug": "intimacy-relationships"}}, {"model": "ads.category", "pk": 44, "fields": {"category": "Electronics", "slug": "electronics"}}, {"model": "ads.ads", "pk": 2, "fields": {"ad_id": "77a04052-8601-4cbb-a533-71fede3ec924", "seller": null, "county": 1, "city": 6, "category": 33, "title": "Container Homes for Rent", "description": "<p>Container Homes</p>", "price": "15000.00", "condition": "Good", "brand": null, "phone": "+254706278692", "date_created": "2025-02-05T07:04:43.445Z", "is_featured": true, "is_sold": false, "is_active": true, "views_count": 0}}, {"model": "ads.ads", "pk": 3, "fields": {"ad_id": "e305d8b0-83bd-4292-a1c6-5a3b0a21aefc", "seller": null, "county": 1, "city": 2, "category": 40, "title": "Vintage Cars for Sale", "description": "<p>Vintage Cars</p>", "price": "1240000.00", "condition": "Good", "brand": null, "phone": "+254706278692", "date_created": "2025-02-05T07:29:18.880Z", "is_featured": true, "is_sold": false, "is_active": true, "views_count": 0}}, {"model": "ads.ads", "pk": 5, "fields": {"ad_id": "a829ffc8-3469-4bfe-8976-c8c4e62a080c", "seller": null, "county": 3, "city": 5, "category": 22, "title": "T-shirts for sale", "description": "<p>T-shirts available in all colors and sizes.</p>", "price": "1500.00", "condition": "Excellent", "brand": null, "phone": "+254706278692", "date_created": "2025-02-05T07:49:43.422Z", "is_featured": true, "is_sold": false, "is_active": true, "views_count": 0}}, {"model": "ads.ads", "pk": 6, "fields": {"ad_id": "e865de45-a3dd-4e4f-b3e4-cd89bcb447e4", "seller": null, "county": 1, "city": 2, "category": 24, "title": "Samsung 55 Inch DU7010 Crystal UHD 4K Smart TV", "description": "<p>- 4K upscaling for stunning visuals. - PurColor technology for lifelike colors. - Enhanced Samsung Tizen OS for intuitive control. - HDR and contrast enhancer for immersive viewing. - Motion Xcelerator and ALLM for lag-free gaming. What&rsquo;s in the box TV, Power Cable, Remote, User Manual. Stand</p>", "price": "58999.00", "condition": "Excellent", "brand": "Samsung", "phone": "+254798567354", "date_created": "2025-02-05T09:53:45.338Z", "is_featured": true, "is_sold": false, "is_active": true, "views_count": 0}}, {"model": "ads.ads", "pk": 7, "fields": {"ad_id": "875cb1a9-3686-40c6-8aa8-6cefd53b805f", "seller": null, "county": 7, "city": 17, "category": 27, "title": "Dell Latitude 5430", "description": "<p>Processor family: Intel&reg; Core&trade; i5 Processor model: i5-1235U Processor Frequency: 3.30 / 4.40 Ghz Display diagonal: 35.6 cm (14&quot;) HD type: Full HD Display resolution: 1920 x 1080 pixels Internal memory: 8 GB Internal memory type: DDR4-SDRAM Total storage capacity: 512 GB Storage media: SSD On-board graphics card model: Intel Iris Xe Graphics Mobile Broadband: 4G Operating system installed: Windows 11 Pro Product color: Grey</p>", "price": "138000.00", "condition": "Excellent", "brand": "Dell", "phone": "+254706278692", "date_created": "2025-02-05T10:52:01.170Z", "is_featured": true, "is_sold": false, "is_active": true, "views_count": 0}}, {"model": "ads.ads", "pk": 8, "fields": {"ad_id": "cf0a1ede-ec18-4e75-949a-d6ff84db05ae", "seller": null, "county": 7, "city": 18, "category": 40, "title": "Pioneer D Series car speaker system TS-D65C", "description": "<p>- 6-1/2&Prime; component speaker system - Two woofers and two tweeters - 6-1/2&Prime; injection-molded polypropylene woofer cone interlaced with aramid fibers - Tweeter Design: Dome - 2-Way Design</p>", "price": "12500.00", "condition": "Excellent", "brand": "Pioneer", "phone": "+254706278692", "date_created": "2025-02-05T11:03:28.064Z", "is_featured": true, "is_sold": false, "is_active": true, "views_count": 0}}, {"model": "ads.ads", "pk": 9, "fields": {"ad_id": "c866fc67-294c-4a96-8012-d61775358977", "seller": null, "county": 7, "city": 17, "category": 28, "title": "Apple iPhone 15", "description": "RAM: 6GB\r\nStorage: 128GB,256GB\r\nBattery: 3,200 mAh\r\nCamera: 48MP + 12 MP\r\nSelfie: 12MP + SL 3D\r\nDisplay: 6.1 inches\r\nProcessor: Apple A16 Bionic\r\nConnectivity: 5G, Nano-SIM, eSIM, Wi-Fi 6\r\nColors:   Black, Blue, Green, Yellow, Pink\r\nOS: iOS 17", "price": "90000.00", "condition": "Excellent", "brand": "Iphone", "phone": "", "date_created": "2025-02-08T06:21:59.052Z", "is_featured": false, "is_sold": false, "is_active": true, "views_count": 0}}, {"model": "ads.ads", "pk": 10, "fields": {"ad_id": "7a31561c-fb0e-4065-9499-27f173d3edca", "seller": null, "county": 7, "city": 17, "category": 28, "title": "samsung galaxy s24 8gb 256gb", "description": "Battery: 4,000 mAh\r\nMain camera: 50MP + 10MP + 12MP\r\nFront camera: 12 MP (wide)\r\nDisplay: 6.2 inch + Dynamic LTPO AMOLED 2X, 120Hz, HDR10+, 2600 nits (peak)\r\nProcessor: Qualcomm Snapdragon 8 Gen 3 (4nm)\r\nConnectivity: Dual SIM, 3G, 4G, 5G, Wi-Fi\r\nColors: Onyx Black, Marble Grey, Cobalt Violet, Amber Yellow, Jade Green, Sandstone Orange, Sapphire Blue\r\nOS: Android 14, One UI 6.1", "price": "866000.00", "condition": "Excellent", "brand": "Samsung", "phone": "", "date_created": "2025-02-09T12:44:57.279Z", "is_featured": false, "is_sold": false, "is_active": true, "views_count": 0}}, {"model": "ads.ads", "pk": 11, "fields": {"ad_id": "758f9716-a841-4830-9443-038da7d825c5", "seller": 11, "county": 7, "city": 21, "category": 27, "title": "Lenovo Ideapad Slim 3i", "description": "Ideapad Slim 3i\r\nIntel Core i5-12450H\r\n8GB RAM | 512GB SSD\r\n15.6\u2033 (1920\u00d71080) Display\r\nIntegrated Graphics\r\nWindows 11 Home\r\nMS Office 2021 | Arctic grey\r\n1 Year Warranty", "price": "50000.00", "condition": "Excellent", "brand": "Lenovo", "phone": "", "date_created": "2025-02-12T13:04:07.144Z", "is_featured": false, "is_sold": false, "is_active": true, "views_count": 0}}, {"model": "ads.ads", "pk": 12, "fields": {"ad_id": "d49f58c1-4eba-4d96-873a-8e4397fcc9d3", "seller": 11, "county": 7, "city": 21, "category": 27, "title": "MacBook Air M1 256GB SSD, 8GB RAM, 13\u2033 Display", "description": "Apple M1 8-Core Chipset\r\nmacOS\r\n8GB RAM, 256GB SSD\r\n13\u2033 Retina IPS Display\r\n2 x Thunderbolt 3 / USB 4 Ports\r\nBacklit Magic Keyboard\r\nForce Touch Touchpad\r\n7-Core GPU\r\n16-Core Neural Engine\r\nWi-Fi 6 (802.11ax)\r\nBluetooth 5.0 Touch ID Sensor", "price": "92899.00", "condition": "Excellent", "brand": "Apple", "phone": "", "date_created": "2025-02-12T17:04:34.792Z", "is_featured": false, "is_sold": false, "is_active": true, "views_count": 0}}, {"model": "ads.ads", "pk": 13, "fields": {"ad_id": "cc9eff55-ff5e-4307-b8e0-410305fba125", "seller": 11, "county": 7, "city": 19, "category": 17, "title": "Starworth Standing Cooker* 50x50cm 3g+1e Electric Oven", "description": "Brand: Starworth\r\nModel: FELA5050GG3+1\r\nType: Cookers\r\nPower Source: Gas\r\nNumber of Gas Burners: 3\r\n2PCS Baking Tray: Yes\r\nN.W: 26 KG\r\nG.W: 28 KG\r\nMeasurement: 545*585*855MM", "price": "28999.00", "condition": "Excellent", "brand": null, "phone": "", "date_created": "2025-02-13T08:01:36.954Z", "is_featured": false, "is_sold": false, "is_active": true, "views_count": 0}}, {"model": "ads.ads", "pk": 14, "fields": {"ad_id": "65cea509-65e8-4582-b466-b842f1595d55", "seller": 11, "county": 1, "city": 3, "category": 17, "title": "BEKO GE15120DX 5GAS 90X60CM SILVER ELECTRIC OVEN", "description": "4 Gas + 1 Wok Gas Burners (Total 5 Gas Burners)\r\nProduct Dimensions: 90x60cm\r\n102 liters wide multifunction (fan heating) Electric Oven\r\nGas failure safety devices on all 5 burners\r\nElectric Grill\r\nCast Iron Pan Supports\r\nGlass Lid\r\nIntegrated Ignition\r\nTurnspit / Rotisserie included\r\nOven Lamp\r\nEnergy Rating Class: B\r\nColour: Stainless Steel Inox", "price": "123995.00", "condition": "Excellent", "brand": null, "phone": "", "date_created": "2025-02-13T09:16:27.850Z", "is_featured": true, "is_sold": false, "is_active": true, "views_count": 0}}, {"model": "ads.adsimages", "pk": 1, "fields": {"ad": 2, "image": "uploads/listing_images/cont1_2ojQ80b.jpg", "is_primary": true, "uploaded_at": "2025-02-05T07:02:37Z"}}, {"model": "ads.adsimages", "pk": 2, "fields": {"ad": 2, "image": "uploads/listing_images/cont_3BN52GH.jpg", "is_primary": false, "uploaded_at": "2025-02-05T07:02:37Z"}}, {"model": "ads.adsimages", "pk": 3, "fields": {"ad": 2, "image": "uploads/listing_images/cont2_CaiT4OD.jpg", "is_primary": false, "uploaded_at": "2025-02-05T07:02:37Z"}}, {"model": "ads.adsimages", "pk": 4, "fields": {"ad": 3, "image": "uploads/listing_images/car-1_cgVsWlW.jpg", "is_primary": false, "uploaded_at": "2025-02-05T07:29:18Z"}}, {"model": "ads.adsimages", "pk": 5, "fields": {"ad": 3, "image": "uploads/listing_images/car-2_wUkbto3.jpg", "is_primary": false, "uploaded_at": "2025-02-05T07:29:18Z"}}, {"model": "ads.adsimages", "pk": 6, "fields": {"ad": 5, "image": "uploads/listing_images/tshirt-8726716_MIj3dIB.jpg", "is_primary": false, "uploaded_at": "2025-02-05T07:49:43Z"}}, {"model": "ads.adsimages", "pk": 7, "fields": {"ad": 6, "image": "uploads/listing_images/tv1_Z5jYrjh.jpeg", "is_primary": false, "uploaded_at": "2025-02-05T09:53:45Z"}}, {"model": "ads.adsimages", "pk": 8, "fields": {"ad": 6, "image": "uploads/listing_images/tv2_wWzR1DU.jpeg", "is_primary": true, "uploaded_at": "2025-02-05T09:53:45Z"}}, {"model": "ads.adsimages", "pk": 9, "fields": {"ad": 6, "image": "uploads/listing_images/tv3_UuKTJdW.jpeg", "is_primary": false, "uploaded_at": "2025-02-05T09:53:45Z"}}, {"model": "ads.adsimages", "pk": 10, "fields": {"ad": 7, "image": "uploads/listing_images/d2_2QcWlOK.jpeg", "is_primary": false, "uploaded_at": "2025-02-05T10:52:01Z"}}, {"model": "ads.adsimages", "pk": 11, "fields": {"ad": 7, "image": "uploads/listing_images/d1_cNDPIu3.jpeg", "is_primary": false, "uploaded_at": "2025-02-05T10:52:01Z"}}, {"model": "ads.adsimages", "pk": 12, "fields": {"ad": 8, "image": "uploads/listing_images/s1_hTZpM8E.jpg", "is_primary": false, "uploaded_at": "2025-02-05T11:03:28Z"}}, {"model": "ads.adsimages", "pk": 13, "fields": {"ad": 8, "image": "uploads/listing_images/s3_LoVmWf8.jpg", "is_primary": false, "uploaded_at": "2025-02-05T11:03:28Z"}}, {"model": "ads.adsimages", "pk": 14, "fields": {"ad": 8, "image": "uploads/listing_images/s2_78MfVs2.jpg", "is_primary": true, "uploaded_at": "2025-02-05T11:03:28Z"}}, {"model": "ads.adsimages", "pk": 15, "fields": {"ad": 9, "image": "uploads/listing_images/iPhone-15-bb.jpg", "is_primary": false, "uploaded_at": "2025-02-08T06:21:59.108Z"}}, {"model": "ads.adsimages", "pk": 16, "fields": {"ad": 9, "image": "uploads/listing_images/iPhone-15-c.jpg", "is_primary": false, "uploaded_at": "2025-02-08T06:21:59.164Z"}}, {"model": "ads.adsimages", "pk": 17, "fields": {"ad": 9, "image": "uploads/listing_images/iPhone-15-d.jpg", "is_primary": false, "uploaded_at": "2025-02-08T06:21:59.219Z"}}, {"model": "ads.adsimages", "pk": 18, "fields": {"ad": 9, "image": "uploads/listing_images/iPhone-15-a.jpg", "is_primary": false, "uploaded_at": "2025-02-08T06:21:59.262Z"}}, {"model": "ads.adsimages", "pk": 19, "fields": {"ad": 9, "image": "uploads/listing_images/iPhone-15.jpg", "is_primary": false, "uploaded_at": "2025-02-08T06:21:59.317Z"}}, {"model": "ads.adsimages", "pk": 20, "fields": {"ad": 5, "image": "uploads/listing_images/White-Front.png", "is_primary": false, "uploaded_at": "2025-02-08T06:30:05Z"}}, {"model": "ads.adsimages", "pk": 21, "fields": {"ad": 10, "image": "uploads/listing_images/Samsung-Galaxy-S24-5G-c.jpg", "is_primary": false, "uploaded_at": "2025-02-09T12:44:57.898Z"}}, {"model": "ads.adsimages", "pk": 22, "fields": {"ad": 10, "image": "uploads/listing_images/Samsung-Galaxy-S24-5G-b.jpg", "is_primary": false, "uploaded_at": "2025-02-09T12:45:07.213Z"}}, {"model": "ads.adsimages", "pk": 23, "fields": {"ad": 10, "image": "uploads/listing_images/Samsung-Galaxy-S24-5G-a.jpg", "is_primary": false, "uploaded_at": "2025-02-09T12:45:09.625Z"}}, {"model": "ads.adsimages", "pk": 24, "fields": {"ad": 11, "image": "uploads/listing_images/Ideapad-Slim-3i-4-510x510_ONXr2GU.png", "is_primary": false, "uploaded_at": "2025-02-12T13:04:07.167Z"}}, {"model": "ads.adsimages", "pk": 25, "fields": {"ad": 11, "image": "uploads/listing_images/Ideapad-Slim-3i-3-510x510_6lS5XQP.png", "is_primary": false, "uploaded_at": "2025-02-12T13:04:07.200Z"}}, {"model": "ads.adsimages", "pk": 26, "fields": {"ad": 11, "image": "uploads/listing_images/Ideapad-Slim-3i-2-510x510_AoU60ZU.png", "is_primary": false, "uploaded_at": "2025-02-12T13:04:07.232Z"}}, {"model": "ads.adsimages", "pk": 27, "fields": {"ad": 11, "image": "uploads/listing_images/Ideapad-Slim-3i-1-510x510_2n93RKS.png", "is_primary": false, "uploaded_at": "2025-02-12T13:04:07.261Z"}}, {"model": "ads.adsimages", "pk": 28, "fields": {"ad": 12, "image": "uploads/listing_images/MacBook-Air-Touch-ID-screen-10302018_inline.jpg.large.jpg", "is_primary": false, "uploaded_at": "2025-02-12T17:04:34.814Z"}}, {"model": "ads.adsimages", "pk": 29, "fields": {"ad": 12, "image": "uploads/listing_images/MacBook-Air-Retina-Display-10302018_inline.jpg.large.jpg", "is_primary": false, "uploaded_at": "2025-02-12T17:04:34.826Z"}}, {"model": "ads.adsimages", "pk": 30, "fields": {"ad": 12, "image": "uploads/listing_images/MacBook-Air-family-10302018_inline.jpg.large.jpg", "is_primary": false, "uploaded_at": "2025-02-12T17:04:34.840Z"}}, {"model": "ads.adsimages", "pk": 31, "fields": {"ad": 12, "image": "uploads/listing_images/MacBook-Air-gold-10302018_big.jpg.large.jpg", "is_primary": false, "uploaded_at": "2025-02-12T17:04:34.850Z"}}, {"model": "ads.adsimages", "pk": 32, "fields": {"ad": 13, "image": "uploads/listing_images/cooker.jpeg", "is_primary": false, "uploaded_at": "2025-02-13T08:01:36.975Z"}}, {"model": "ads.adsimages", "pk": 33, "fields": {"ad": 14, "image": "uploads/listing_images/beko.jpg", "is_primary": false, "uploaded_at": "2025-02-13T09:16:27.881Z"}}, {"model": "ads.adstopbanner", "pk": 1, "fields": {"title": "Top", "image": "banners/top/top.png", "link": null, "created_at": "2025-02-06T09:45:20Z", "updated_at": "2025-02-06T09:45:34.912Z"}}, {"model": "ads.adstopbanner", "pk": 4, "fields": {"title": "top1", "image": "banners/top/top1_Ki9avRs.png", "link": null, "created_at": "2025-02-06T10:15:39Z", "updated_at": "2025-02-06T10:16:00.138Z"}}, {"model": "ads.adstopbanner", "pk": 5, "fields": {"title": "top2", "image": "banners/top/top2_YWPUw33.png", "link": null, "created_at": "2025-02-06T10:16:00Z", "updated_at": "2025-02-06T10:16:08.771Z"}}, {"model": "ads.adsbottombanner", "pk": 2, "fields": {"title": "bottom", "image": "banners/bottom/bottom.png", "link": null, "created_at": "2025-02-06T09:50:49Z", "updated_at": "2025-02-06T09:50:59.122Z"}}, {"model": "ads.adsbottombanner", "pk": 3, "fields": {"title": "bottom1", "image": "banners/bottom/bottom1.png", "link": null, "created_at": "2025-02-06T10:05:00Z", "updated_at": "2025-02-06T10:05:09.688Z"}}, {"model": "ads.adsbottombanner", "pk": 4, "fields": {"title": "bottom2", "image": "banners/bottom/bottom2.png", "link": null, "created_at": "2025-02-06T10:05:09Z", "updated_at": "2025-02-06T10:05:22.395Z"}}, {"model": "payments.mpesapayment", "pk": 1, "fields": {"ad": 14, "phone_number": "254708374149", "amount": "150.00", "reference": "AD14", "description": "Featured Ad Payment for BEKO GE15120DX 5GAS 90X60CM SILVER ELECTRIC OVEN", "transaction_id": null, "merchant_request_id": "c62b-4e23-a479-5f74de8082a11162367", "checkout_request_id": "ws_CO_13022025122255357708374149", "status": "PENDING", "created_at": "2025-02-13T09:22:53.869Z", "updated_at": "2025-02-13T09:22:56.687Z"}}, {"model": "auth.permission", "pk": 1, "fields": {"name": "Can add log entry", "content_type": 1, "codename": "add_logentry"}}, {"model": "auth.permission", "pk": 2, "fields": {"name": "Can change log entry", "content_type": 1, "codename": "change_logentry"}}, {"model": "auth.permission", "pk": 3, "fields": {"name": "Can delete log entry", "content_type": 1, "codename": "delete_logentry"}}, {"model": "auth.permission", "pk": 4, "fields": {"name": "Can view log entry", "content_type": 1, "codename": "view_logentry"}}, {"model": "auth.permission", "pk": 5, "fields": {"name": "Can add permission", "content_type": 2, "codename": "add_permission"}}, {"model": "auth.permission", "pk": 6, "fields": {"name": "Can change permission", "content_type": 2, "codename": "change_permission"}}, {"model": "auth.permission", "pk": 7, "fields": {"name": "Can delete permission", "content_type": 2, "codename": "delete_permission"}}, {"model": "auth.permission", "pk": 8, "fields": {"name": "Can view permission", "content_type": 2, "codename": "view_permission"}}, {"model": "auth.permission", "pk": 9, "fields": {"name": "Can add group", "content_type": 3, "codename": "add_group"}}, {"model": "auth.permission", "pk": 10, "fields": {"name": "Can change group", "content_type": 3, "codename": "change_group"}}, {"model": "auth.permission", "pk": 11, "fields": {"name": "Can delete group", "content_type": 3, "codename": "delete_group"}}, {"model": "auth.permission", "pk": 12, "fields": {"name": "Can view group", "content_type": 3, "codename": "view_group"}}, {"model": "auth.permission", "pk": 13, "fields": {"name": "Can add user", "content_type": 4, "codename": "add_user"}}, {"model": "auth.permission", "pk": 14, "fields": {"name": "Can change user", "content_type": 4, "codename": "change_user"}}, {"model": "auth.permission", "pk": 15, "fields": {"name": "Can delete user", "content_type": 4, "codename": "delete_user"}}, {"model": "auth.permission", "pk": 16, "fields": {"name": "Can view user", "content_type": 4, "codename": "view_user"}}, {"model": "auth.permission", "pk": 17, "fields": {"name": "Can add content type", "content_type": 5, "codename": "add_contenttype"}}, {"model": "auth.permission", "pk": 18, "fields": {"name": "Can change content type", "content_type": 5, "codename": "change_contenttype"}}, {"model": "auth.permission", "pk": 19, "fields": {"name": "Can delete content type", "content_type": 5, "codename": "delete_contenttype"}}, {"model": "auth.permission", "pk": 20, "fields": {"name": "Can view content type", "content_type": 5, "codename": "view_contenttype"}}, {"model": "auth.permission", "pk": 21, "fields": {"name": "Can add session", "content_type": 6, "codename": "add_session"}}, {"model": "auth.permission", "pk": 22, "fields": {"name": "Can change session", "content_type": 6, "codename": "change_session"}}, {"model": "auth.permission", "pk": 23, "fields": {"name": "Can delete session", "content_type": 6, "codename": "delete_session"}}, {"model": "auth.permission", "pk": 24, "fields": {"name": "Can view session", "content_type": 6, "codename": "view_session"}}, {"model": "auth.permission", "pk": 25, "fields": {"name": "Can add ads", "content_type": 7, "codename": "add_ads"}}, {"model": "auth.permission", "pk": 26, "fields": {"name": "Can change ads", "content_type": 7, "codename": "change_ads"}}, {"model": "auth.permission", "pk": 27, "fields": {"name": "Can delete ads", "content_type": 7, "codename": "delete_ads"}}, {"model": "auth.permission", "pk": 28, "fields": {"name": "Can view ads", "content_type": 7, "codename": "view_ads"}}, {"model": "auth.permission", "pk": 29, "fields": {"name": "Can add Bottom Banner", "content_type": 8, "codename": "add_adsbottombanner"}}, {"model": "auth.permission", "pk": 30, "fields": {"name": "Can change Bottom Banner", "content_type": 8, "codename": "change_adsbottombanner"}}, {"model": "auth.permission", "pk": 31, "fields": {"name": "Can delete Bottom Banner", "content_type": 8, "codename": "delete_adsbottombanner"}}, {"model": "auth.permission", "pk": 32, "fields": {"name": "Can view Bottom Banner", "content_type": 8, "codename": "view_adsbottombanner"}}, {"model": "auth.permission", "pk": 33, "fields": {"name": "Can add Right Banner", "content_type": 9, "codename": "add_adsrightbanner"}}, {"model": "auth.permission", "pk": 34, "fields": {"name": "Can change Right Banner", "content_type": 9, "codename": "change_adsrightbanner"}}, {"model": "auth.permission", "pk": 35, "fields": {"name": "Can delete Right Banner", "content_type": 9, "codename": "delete_adsrightbanner"}}, {"model": "auth.permission", "pk": 36, "fields": {"name": "Can view Right Banner", "content_type": 9, "codename": "view_adsrightbanner"}}, {"model": "auth.permission", "pk": 37, "fields": {"name": "Can add Top Banner", "content_type": 10, "codename": "add_adstopbanner"}}, {"model": "auth.permission", "pk": 38, "fields": {"name": "Can change Top Banner", "content_type": 10, "codename": "change_adstopbanner"}}, {"model": "auth.permission", "pk": 39, "fields": {"name": "Can delete Top Banner", "content_type": 10, "codename": "delete_adstopbanner"}}, {"model": "auth.permission", "pk": 40, "fields": {"name": "Can view Top Banner", "content_type": 10, "codename": "view_adstopbanner"}}, {"model": "auth.permission", "pk": 41, "fields": {"name": "Can add category", "content_type": 11, "codename": "add_category"}}, {"model": "auth.permission", "pk": 42, "fields": {"name": "Can change category", "content_type": 11, "codename": "change_category"}}, {"model": "auth.permission", "pk": 43, "fields": {"name": "Can delete category", "content_type": 11, "codename": "delete_category"}}, {"model": "auth.permission", "pk": 44, "fields": {"name": "Can view category", "content_type": 11, "codename": "view_category"}}, {"model": "auth.permission", "pk": 45, "fields": {"name": "Can add conversation", "content_type": 12, "codename": "add_conversation"}}, {"model": "auth.permission", "pk": 46, "fields": {"name": "Can change conversation", "content_type": 12, "codename": "change_conversation"}}, {"model": "auth.permission", "pk": 47, "fields": {"name": "Can delete conversation", "content_type": 12, "codename": "delete_conversation"}}, {"model": "auth.permission", "pk": 48, "fields": {"name": "Can view conversation", "content_type": 12, "codename": "view_conversation"}}, {"model": "auth.permission", "pk": 49, "fields": {"name": "Can add county", "content_type": 13, "codename": "add_county"}}, {"model": "auth.permission", "pk": 50, "fields": {"name": "Can change county", "content_type": 13, "codename": "change_county"}}, {"model": "auth.permission", "pk": 51, "fields": {"name": "Can delete county", "content_type": 13, "codename": "delete_county"}}, {"model": "auth.permission", "pk": 52, "fields": {"name": "Can view county", "content_type": 13, "codename": "view_county"}}, {"model": "auth.permission", "pk": 53, "fields": {"name": "Can add message", "content_type": 14, "codename": "add_message"}}, {"model": "auth.permission", "pk": 54, "fields": {"name": "Can change message", "content_type": 14, "codename": "change_message"}}, {"model": "auth.permission", "pk": 55, "fields": {"name": "Can delete message", "content_type": 14, "codename": "delete_message"}}, {"model": "auth.permission", "pk": 56, "fields": {"name": "Can view message", "content_type": 14, "codename": "view_message"}}, {"model": "auth.permission", "pk": 57, "fields": {"name": "Can add city", "content_type": 15, "codename": "add_city"}}, {"model": "auth.permission", "pk": 58, "fields": {"name": "Can change city", "content_type": 15, "codename": "change_city"}}, {"model": "auth.permission", "pk": 59, "fields": {"name": "Can delete city", "content_type": 15, "codename": "delete_city"}}, {"model": "auth.permission", "pk": 60, "fields": {"name": "Can view city", "content_type": 15, "codename": "view_city"}}, {"model": "auth.permission", "pk": 61, "fields": {"name": "Can add author", "content_type": 16, "codename": "add_author"}}, {"model": "auth.permission", "pk": 62, "fields": {"name": "Can change author", "content_type": 16, "codename": "change_author"}}, {"model": "auth.permission", "pk": 63, "fields": {"name": "Can delete author", "content_type": 16, "codename": "delete_author"}}, {"model": "auth.permission", "pk": 64, "fields": {"name": "Can view author", "content_type": 16, "codename": "view_author"}}, {"model": "auth.permission", "pk": 65, "fields": {"name": "Can add ads images", "content_type": 17, "codename": "add_adsimages"}}, {"model": "auth.permission", "pk": 66, "fields": {"name": "Can change ads images", "content_type": 17, "codename": "change_adsimages"}}, {"model": "auth.permission", "pk": 67, "fields": {"name": "Can delete ads images", "content_type": 17, "codename": "delete_adsimages"}}, {"model": "auth.permission", "pk": 68, "fields": {"name": "Can view ads images", "content_type": 17, "codename": "view_adsimages"}}, {"model": "auth.permission", "pk": 69, "fields": {"name": "Can add profile", "content_type": 18, "codename": "add_profile"}}, {"model": "auth.permission", "pk": 70, "fields": {"name": "Can change profile", "content_type": 18, "codename": "change_profile"}}, {"model": "auth.permission", "pk": 71, "fields": {"name": "Can delete profile", "content_type": 18, "codename": "delete_profile"}}, {"model": "auth.permission", "pk": 72, "fields": {"name": "Can view profile", "content_type": 18, "codename": "view_profile"}}, {"model": "auth.permission", "pk": 73, "fields": {"name": "Can add saved ad", "content_type": 19, "codename": "add_savedad"}}, {"model": "auth.permission", "pk": 74, "fields": {"name": "Can change saved ad", "content_type": 19, "codename": "change_savedad"}}, {"model": "auth.permission", "pk": 75, "fields": {"name": "Can delete saved ad", "content_type": 19, "codename": "delete_savedad"}}, {"model": "auth.permission", "pk": 76, "fields": {"name": "Can view saved ad", "content_type": 19, "codename": "view_savedad"}}, {"model": "auth.permission", "pk": 77, "fields": {"name": "Can add profile", "content_type": 20, "codename": "add_profile"}}, {"model": "auth.permission", "pk": 78, "fields": {"name": "Can change profile", "content_type": 20, "codename": "change_profile"}}, {"model": "auth.permission", "pk": 79, "fields": {"name": "Can delete profile", "content_type": 20, "codename": "delete_profile"}}, {"model": "auth.permission", "pk": 80, "fields": {"name": "Can view profile", "content_type": 20, "codename": "view_profile"}}, {"model": "auth.permission", "pk": 81, "fields": {"name": "Can add review", "content_type": 21, "codename": "add_review"}}, {"model": "auth.permission", "pk": 82, "fields": {"name": "Can change review", "content_type": 21, "codename": "change_review"}}, {"model": "auth.permission", "pk": 83, "fields": {"name": "Can delete review", "content_type": 21, "codename": "delete_review"}}, {"model": "auth.permission", "pk": 84, "fields": {"name": "Can view review", "content_type": 21, "codename": "view_review"}}, {"model": "auth.permission", "pk": 85, "fields": {"name": "Can add saved search", "content_type": 22, "codename": "add_savedsearch"}}, {"model": "auth.permission", "pk": 86, "fields": {"name": "Can change saved search", "content_type": 22, "codename": "change_savedsearch"}}, {"model": "auth.permission", "pk": 87, "fields": {"name": "Can delete saved search", "content_type": 22, "codename": "delete_savedsearch"}}, {"model": "auth.permission", "pk": 88, "fields": {"name": "Can view saved search", "content_type": 22, "codename": "view_savedsearch"}}, {"model": "auth.permission", "pk": 89, "fields": {"name": "Can add message", "content_type": 23, "codename": "add_message"}}, {"model": "auth.permission", "pk": 90, "fields": {"name": "Can change message", "content_type": 23, "codename": "change_message"}}, {"model": "auth.permission", "pk": 91, "fields": {"name": "Can delete message", "content_type": 23, "codename": "delete_message"}}, {"model": "auth.permission", "pk": 92, "fields": {"name": "Can view message", "content_type": 23, "codename": "view_message"}}, {"model": "auth.permission", "pk": 93, "fields": {"name": "Can add mpesa payment", "content_type": 24, "codename": "add_mpesapayment"}}, {"model": "auth.permission", "pk": 94, "fields": {"name": "Can change mpesa payment", "content_type": 24, "codename": "change_mpesapayment"}}, {"model": "auth.permission", "pk": 95, "fields": {"name": "Can delete mpesa payment", "content_type": 24, "codename": "delete_mpesapayment"}}, {"model": "auth.permission", "pk": 96, "fields": {"name": "Can view mpesa payment", "content_type": 24, "codename": "view_mpesapayment"}}, {"model": "auth.user", "pk": 1, "fields": {"password": "pbkdf2_sha256$150000$G7IR1kxa5Lng$0fvNNZ7npGu31cbcJG4pHRKDCSPlMBKn+JAW8pumE7I=", "last_login": "2025-02-10T15:39:22.360Z", "is_superuser": true, "username": "celyne", "first_name": "", "last_name": "", "email": "celynekydd@gmail.com", "is_staff": true, "is_active": true, "date_joined": "2025-02-05T06:21:40.422Z", "groups": [], "user_permissions": []}}, {"model": "auth.user", "pk": 3, "fields": {"password": "pbkdf2_sha256$150000$hsaVexs62tlV$oPU602H5nuRki5fH8kCzbPbZ4wl04GTdwfPBHWsnm2s=", "last_login": "2025-02-05T09:17:44.340Z", "is_superuser": false, "username": "Kydd", "first_name": "", "last_name": "", "email": "kyddcelyne@outlook.com", "is_staff": false, "is_active": true, "date_joined": "2025-02-05T09:15:35.318Z", "groups": [], "user_permissions": []}}, {"model": "auth.user", "pk": 4, "fields": {"password": "pbkdf2_sha256$150000$4B56Pzoei8VP$DjhQ3MrrGnDwpux8a9Dn+MXbzMBOnKog4gOLIecLRI0=", "last_login": "2025-02-09T11:20:50.819Z", "is_superuser": false, "username": "Dee", "first_name": "", "last_name": "", "email": "tavariaddams@gmail.com", "is_staff": false, "is_active": true, "date_joined": "2025-02-09T11:20:13.118Z", "groups": [], "user_permissions": []}}, {"model": "auth.user", "pk": 14, "fields": {"password": "pbkdf2_sha256$150000$AiXr3YvqBh3A$xb5iBmA//4u9N7yhczcBUkqZ+GonixmKcuFXcPYVkj4=", "last_login": "2025-02-10T18:26:09.422Z", "is_superuser": false, "username": "Momanyi", "first_name": "Celyne", "last_name": "Momanyi", "email": "celynmomanyi@gmail.com", "is_staff": false, "is_active": true, "date_joined": "2025-02-10T18:14:00.283Z", "groups": [], "user_permissions": []}}, {"model": "auth.user", "pk": 15, "fields": {"password": "pbkdf2_sha256$150000$ApHJtGszxfOc$/d937RsUaP4DwuNaoHDLLp/yjQPLtyZdzXje6LlZOKs=", "last_login": "2025-02-13T09:10:21.520Z", "is_superuser": false, "username": "Tee", "first_name": "Mimi", "last_name": "Auma", "email": "celyndeekydd@gmail.com", "is_staff": false, "is_active": true, "date_joined": "2025-02-12T08:21:36.837Z", "groups": [], "user_permissions": []}}, {"model": "ads.conversation", "pk": 2, "fields": {"ad": 2, "created_at": "2025-02-05T09:02:17.223Z", "updated_at": "2025-02-05T09:02:41.245Z", "last_message_time": "2025-02-05T09:02:41.206Z", "unread_count": 0, "participants": [1]}}, {"model": "ads.conversation", "pk": 3, "fields": {"ad": 2, "created_at": "2025-02-05T09:40:28.999Z", "updated_at": "2025-02-05T09:40:58.449Z", "last_message_time": "2025-02-05T09:40:58.292Z", "unread_count": 0, "participants": [1, 3]}}, {"model": "ads.conversation", "pk": 4, "fields": {"ad": 11, "created_at": "2025-02-12T13:41:13.785Z", "updated_at": "2025-02-12T13:42:01.452Z", "last_message_time": "2025-02-12T13:42:01.274Z", "unread_count": 0, "participants": [14, 15]}}, {"model": "ads.message", "pk": 7, "fields": {"conversation": 2, "sender": 1, "receiver": 1, "ad": 2, "content": "yes, it is available.", "created_at": "2025-02-05T09:02:41.206Z", "is_read": true}}, {"model": "ads.message", "pk": 8, "fields": {"conversation": 3, "sender": 3, "receiver": 1, "ad": 2, "content": "available?", "created_at": "2025-02-05T09:40:29.158Z", "is_read": true}}, {"model": "ads.message", "pk": 9, "fields": {"conversation": 3, "sender": 1, "receiver": 1, "ad": 2, "content": "yes, available.", "created_at": "2025-02-05T09:40:58.292Z", "is_read": true}}, {"model": "ads.message", "pk": 10, "fields": {"conversation": 4, "sender": 14, "receiver": 15, "ad": 11, "content": "availablle?", "created_at": "2025-02-12T13:41:13.884Z", "is_read": true}}, {"model": "ads.message", "pk": 11, "fields": {"conversation": 4, "sender": 15, "receiver": 15, "ad": 11, "content": "yes", "created_at": "2025-02-12T13:42:01.274Z", "is_read": true}}, {"model": "profiles.profile", "pk": 10, "fields": {"user": 14, "bio": "", "location": "", "phone_number": "", "profile_pic": "uploads/profile-pictures/pp_E3To4xd.jpg", "is_seller": false, "seller_since": "2025-02-10T18:14:00.879Z", "store_banner": "", "store_logo": "", "store_name": "", "store_description": "", "business_hours": "", "whatsapp_number": "", "preferred_contact_method": "phone", "last_seen": "2025-02-14T07:51:34.511Z", "is_premium": false, "main_category": "electronics", "is_verified": false, "followers": [], "saved_searches": [], "favorite_sellers": []}}, {"model": "profiles.profile", "pk": 11, "fields": {"user": 15, "bio": "", "location": "", "phone_number": "", "profile_pic": "uploads/profile-pictures/Snapinsta.app_121967756_201802128024791_146452378684976914_n_10_LN7lMCL.jpg", "is_seller": true, "seller_since": "2025-02-12T08:21:37.417Z", "store_banner": "store_banners/top.png", "store_logo": "", "store_name": "Tee's Electronics", "store_description": "i sell all and every electronics", "business_hours": "Mon-Fri 9 am- 8 pm", "whatsapp_number": "+254706278692", "preferred_contact_method": "whatsapp", "last_seen": "2025-02-14T07:50:27.661Z", "is_premium": false, "main_category": "electronics", "is_verified": false, "followers": [10], "saved_searches": [], "favorite_sellers": []}}, {"model": "profiles.review", "pk": 1, "fields": {"seller": 11, "reviewer": 14, "rating": 5, "comment": "Fast communication and shipping", "created_at": "2025-02-13T09:44:21.422Z", "updated_at": "2025-02-13T09:44:21.422Z", "ad": null}}, {"model": "admin.logentry", "pk": 1, "fields": {"action_time": "2025-02-05T06:24:03.849Z", "user": 1, "content_type": 11, "object_id": "1", "object_repr": "Other", "action_flag": 1, "change_message": "[{\"added\": {}}]"}}, {"model": "admin.logentry", "pk": 2, "fields": {"action_time": "2025-02-05T06:24:11.738Z", "user": 1, "content_type": 11, "object_id": "2", "object_repr": "Beauty", "action_flag": 1, "change_message": "[{\"added\": {}}]"}}, {"model": "admin.logentry", "pk": 3, "fields": {"action_time": "2025-02-05T06:24:17.151Z", "user": 1, "content_type": 11, "object_id": "3", "object_repr": "Health", "action_flag": 1, "change_message": "[{\"added\": {}}]"}}, {"model": "admin.logentry", "pk": 4, "fields": {"action_time": "2025-02-05T06:24:22.695Z", "user": 1, "content_type": 11, "object_id": "4", "object_repr": "Beverages", "action_flag": 1, "change_message": "[{\"added\": {}}]"}}, {"model": "admin.logentry", "pk": 5, "fields": {"action_time": "2025-02-05T06:24:27.733Z", "user": 1, "content_type": 11, "object_id": "5", "object_repr": "Food", "action_flag": 1, "change_message": "[{\"added\": {}}]"}}, {"model": "admin.logentry", "pk": 6, "fields": {"action_time": "2025-02-05T06:24:33.788Z", "user": 1, "content_type": 11, "object_id": "6", "object_repr": "Other Sports & Outdoors", "action_flag": 1, "change_message": "[{\"added\": {}}]"}}, {"model": "admin.logentry", "pk": 7, "fields": {"action_time": "2025-02-05T06:24:39.329Z", "user": 1, "content_type": 11, "object_id": "7", "object_repr": "Sports Equipment", "action_flag": 1, "change_message": "[{\"added\": {}}]"}}, {"model": "admin.logentry", "pk": 8, "fields": {"action_time": "2025-02-05T06:24:45.812Z", "user": 1, "content_type": 11, "object_id": "8", "object_repr": "Fitness", "action_flag": 1, "change_message": "[{\"added\": {}}]"}}, {"model": "admin.logentry", "pk": 9, "fields": {"action_time": "2025-02-05T06:24:50.780Z", "user": 1, "content_type": 11, "object_id": "9", "object_repr": "Other Agriculture", "action_flag": 1, "change_message": "[{\"added\": {}}]"}}, {"model": "admin.logentry", "pk": 10, "fields": {"action_time": "2025-02-05T06:24:57.614Z", "user": 1, "content_type": 11, "object_id": "10", "object_repr": "Farming Equipment", "action_flag": 1, "change_message": "[{\"added\": {}}]"}}, {"model": "admin.logentry", "pk": 11, "fields": {"action_time": "2025-02-05T06:25:03.072Z", "user": 1, "content_type": 11, "object_id": "11", "object_repr": "Livestock", "action_flag": 1, "change_message": "[{\"added\": {}}]"}}, {"model": "admin.logentry", "pk": 12, "fields": {"action_time": "2025-02-05T06:25:08.737Z", "user": 1, "content_type": 11, "object_id": "12", "object_repr": "Services", "action_flag": 1, "change_message": "[{\"added\": {}}]"}}, {"model": "admin.logentry", "pk": 13, "fields": {"action_time": "2025-02-05T06:25:17.299Z", "user": 1, "content_type": 11, "object_id": "13", "object_repr": "Jobs", "action_flag": 1, "change_message": "[{\"added\": {}}]"}}, {"model": "admin.logentry", "pk": 14, "fields": {"action_time": "2025-02-05T06:25:22.787Z", "user": 1, "content_type": 11, "object_id": "14", "object_repr": "Other Home & Office", "action_flag": 1, "change_message": "[{\"added\": {}}]"}}, {"model": "admin.logentry", "pk": 15, "fields": {"action_time": "2025-02-05T06:25:28.217Z", "user": 1, "content_type": 11, "object_id": "15", "object_repr": "Office Equipment", "action_flag": 1, "change_message": "[{\"added\": {}}]"}}, {"model": "admin.logentry", "pk": 16, "fields": {"action_time": "2025-02-05T06:25:33.825Z", "user": 1, "content_type": 11, "object_id": "16", "object_repr": "Home Decor", "action_flag": 1, "change_message": "[{\"added\": {}}]"}}, {"model": "admin.logentry", "pk": 17, "fields": {"action_time": "2025-02-05T06:25:41.067Z", "user": 1, "content_type": 11, "object_id": "17", "object_repr": "Appliances", "action_flag": 1, "change_message": "[{\"added\": {}}]"}}, {"model": "admin.logentry", "pk": 18, "fields": {"action_time": "2025-02-05T06:25:46.966Z", "user": 1, "content_type": 11, "object_id": "18", "object_repr": "Furniture", "action_flag": 1, "change_message": "[{\"added\": {}}]"}}, {"model": "admin.logentry", "pk": 19, "fields": {"action_time": "2025-02-05T06:25:53.224Z", "user": 1, "content_type": 11, "object_id": "19", "object_repr": "Other Fashion", "action_flag": 1, "change_message": "[{\"added\": {}}]"}}, {"model": "admin.logentry", "pk": 20, "fields": {"action_time": "2025-02-05T06:25:59.203Z", "user": 1, "content_type": 11, "object_id": "20", "object_repr": "Kids' Fashion", "action_flag": 1, "change_message": "[{\"added\": {}}]"}}, {"model": "admin.logentry", "pk": 21, "fields": {"action_time": "2025-02-05T06:26:06.204Z", "user": 1, "content_type": 11, "object_id": "21", "object_repr": "Women's Fashion", "action_flag": 1, "change_message": "[{\"added\": {}}]"}}, {"model": "admin.logentry", "pk": 22, "fields": {"action_time": "2025-02-05T06:26:13.693Z", "user": 1, "content_type": 11, "object_id": "22", "object_repr": "Men's Fashion", "action_flag": 1, "change_message": "[{\"added\": {}}]"}}, {"model": "admin.logentry", "pk": 23, "fields": {"action_time": "2025-02-05T06:26:23.539Z", "user": 1, "content_type": 11, "object_id": "23", "object_repr": "Other Electronics", "action_flag": 1, "change_message": "[{\"added\": {}}]"}}, {"model": "admin.logentry", "pk": 24, "fields": {"action_time": "2025-02-05T06:26:34.067Z", "user": 1, "content_type": 11, "object_id": "24", "object_repr": "Televisions", "action_flag": 1, "change_message": "[{\"added\": {}}]"}}, {"model": "admin.logentry", "pk": 25, "fields": {"action_time": "2025-02-05T06:26:42.492Z", "user": 1, "content_type": 11, "object_id": "25", "object_repr": "Tablets", "action_flag": 1, "change_message": "[{\"added\": {}}]"}}, {"model": "admin.logentry", "pk": 26, "fields": {"action_time": "2025-02-05T06:26:53.374Z", "user": 1, "content_type": 11, "object_id": "26", "object_repr": "Desktops", "action_flag": 1, "change_message": "[{\"added\": {}}]"}}, {"model": "admin.logentry", "pk": 27, "fields": {"action_time": "2025-02-05T06:27:02.037Z", "user": 1, "content_type": 11, "object_id": "27", "object_repr": "Laptops", "action_flag": 1, "change_message": "[{\"added\": {}}]"}}, {"model": "admin.logentry", "pk": 28, "fields": {"action_time": "2025-02-05T06:27:11.827Z", "user": 1, "content_type": 11, "object_id": "28", "object_repr": "Phones", "action_flag": 1, "change_message": "[{\"added\": {}}]"}}, {"model": "admin.logentry", "pk": 29, "fields": {"action_time": "2025-02-05T06:27:21.448Z", "user": 1, "content_type": 11, "object_id": "29", "object_repr": "Other Property", "action_flag": 1, "change_message": "[{\"added\": {}}]"}}, {"model": "admin.logentry", "pk": 30, "fields": {"action_time": "2025-02-05T06:27:32.710Z", "user": 1, "content_type": 11, "object_id": "30", "object_repr": "Commercial Property", "action_flag": 1, "change_message": "[{\"added\": {}}]"}}, {"model": "admin.logentry", "pk": 31, "fields": {"action_time": "2025-02-05T06:27:41.171Z", "user": 1, "content_type": 11, "object_id": "31", "object_repr": "Land for Sale", "action_flag": 1, "change_message": "[{\"added\": {}}]"}}, {"model": "admin.logentry", "pk": 32, "fields": {"action_time": "2025-02-05T06:27:49.009Z", "user": 1, "content_type": 11, "object_id": "32", "object_repr": "Houses & Apartments for Sale", "action_flag": 1, "change_message": "[{\"added\": {}}]"}}, {"model": "admin.logentry", "pk": 33, "fields": {"action_time": "2025-02-05T06:27:57.838Z", "user": 1, "content_type": 11, "object_id": "33", "object_repr": "Houses & Apartments for Rent", "action_flag": 1, "change_message": "[{\"added\": {}}]"}}, {"model": "admin.logentry", "pk": 34, "fields": {"action_time": "2025-02-05T06:28:05.820Z", "user": 1, "content_type": 11, "object_id": "34", "object_repr": "New Builds", "action_flag": 1, "change_message": "[{\"added\": {}}]"}}, {"model": "admin.logentry", "pk": 35, "fields": {"action_time": "2025-02-05T06:28:14.113Z", "user": 1, "content_type": 11, "object_id": "35", "object_repr": "Other Vehicles", "action_flag": 1, "change_message": "[{\"added\": {}}]"}}, {"model": "admin.logentry", "pk": 36, "fields": {"action_time": "2025-02-05T06:28:22.125Z", "user": 1, "content_type": 11, "object_id": "36", "object_repr": "Trucks", "action_flag": 1, "change_message": "[{\"added\": {}}]"}}, {"model": "admin.logentry", "pk": 37, "fields": {"action_time": "2025-02-05T06:28:28.507Z", "user": 1, "content_type": 11, "object_id": "37", "object_repr": "Motorcycles", "action_flag": 1, "change_message": "[{\"added\": {}}]"}}, {"model": "admin.logentry", "pk": 38, "fields": {"action_time": "2025-02-05T06:28:37.315Z", "user": 1, "content_type": 11, "object_id": "38", "object_repr": "Heavy Equipment", "action_flag": 1, "change_message": "[{\"added\": {}}]"}}, {"model": "admin.logentry", "pk": 39, "fields": {"action_time": "2025-02-05T06:28:45.464Z", "user": 1, "content_type": 11, "object_id": "39", "object_repr": "Buses & Microbuses", "action_flag": 1, "change_message": "[{\"added\": {}}]"}}, {"model": "admin.logentry", "pk": 40, "fields": {"action_time": "2025-02-05T06:28:53.307Z", "user": 1, "content_type": 11, "object_id": "40", "object_repr": "Cars", "action_flag": 1, "change_message": "[{\"added\": {}}]"}}, {"model": "admin.logentry", "pk": 41, "fields": {"action_time": "2025-02-05T06:30:34.971Z", "user": 1, "content_type": 16, "object_id": "1", "object_repr": "celyne", "action_flag": 1, "change_message": "[{\"added\": {}}]"}}, {"model": "admin.logentry", "pk": 42, "fields": {"action_time": "2025-02-05T06:32:39.143Z", "user": 1, "content_type": 13, "object_id": "1", "object_repr": "Mombasa", "action_flag": 1, "change_message": "[{\"added\": {}}]"}}, {"model": "admin.logentry", "pk": 43, "fields": {"action_time": "2025-02-05T06:32:45.425Z", "user": 1, "content_type": 13, "object_id": "2", "object_repr": "Kwale", "action_flag": 1, "change_message": "[{\"added\": {}}]"}}, {"model": "admin.logentry", "pk": 44, "fields": {"action_time": "2025-02-05T06:32:59.315Z", "user": 1, "content_type": 13, "object_id": "3", "object_repr": "Kilifi", "action_flag": 1, "change_message": "[{\"added\": {}}]"}}, {"model": "admin.logentry", "pk": 45, "fields": {"action_time": "2025-02-05T06:33:10.667Z", "user": 1, "content_type": 13, "object_id": "4", "object_repr": "Tana River", "action_flag": 1, "change_message": "[{\"added\": {}}]"}}, {"model": "admin.logentry", "pk": 46, "fields": {"action_time": "2025-02-05T06:33:24.563Z", "user": 1, "content_type": 13, "object_id": "5", "object_repr": "Lamu", "action_flag": 1, "change_message": "[{\"added\": {}}]"}}, {"model": "admin.logentry", "pk": 47, "fields": {"action_time": "2025-02-05T06:33:33.427Z", "user": 1, "content_type": 13, "object_id": "6", "object_repr": "Taita-Taveta", "action_flag": 1, "change_message": "[{\"added\": {}}]"}}, {"model": "admin.logentry", "pk": 48, "fields": {"action_time": "2025-02-05T06:33:39.577Z", "user": 1, "content_type": 13, "object_id": "7", "object_repr": "Nairobi", "action_flag": 1, "change_message": "[{\"added\": {}}]"}}, {"model": "admin.logentry", "pk": 49, "fields": {"action_time": "2025-02-05T06:33:47.371Z", "user": 1, "content_type": 13, "object_id": "8", "object_repr": "Kiambu", "action_flag": 1, "change_message": "[{\"added\": {}}]"}}, {"model": "admin.logentry", "pk": 50, "fields": {"action_time": "2025-02-05T06:33:55.246Z", "user": 1, "content_type": 13, "object_id": "9", "object_repr": "Muranga", "action_flag": 1, "change_message": "[{\"added\": {}}]"}}, {"model": "admin.logentry", "pk": 51, "fields": {"action_time": "2025-02-05T06:34:01.628Z", "user": 1, "content_type": 13, "object_id": "10", "object_repr": "Kirinyaga", "action_flag": 1, "change_message": "[{\"added\": {}}]"}}, {"model": "admin.logentry", "pk": 52, "fields": {"action_time": "2025-02-05T06:34:08.899Z", "user": 1, "content_type": 13, "object_id": "11", "object_repr": "Nyandarua", "action_flag": 1, "change_message": "[{\"added\": {}}]"}}, {"model": "admin.logentry", "pk": 53, "fields": {"action_time": "2025-02-05T06:34:17.690Z", "user": 1, "content_type": 13, "object_id": "12", "object_repr": "Nyeri", "action_flag": 1, "change_message": "[{\"added\": {}}]"}}, {"model": "admin.logentry", "pk": 54, "fields": {"action_time": "2025-02-05T06:34:24.826Z", "user": 1, "content_type": 13, "object_id": "13", "object_repr": "Nakuru", "action_flag": 1, "change_message": "[{\"added\": {}}]"}}, {"model": "admin.logentry", "pk": 55, "fields": {"action_time": "2025-02-05T06:34:30.657Z", "user": 1, "content_type": 13, "object_id": "14", "object_repr": "Laikipia", "action_flag": 1, "change_message": "[{\"added\": {}}]"}}, {"model": "admin.logentry", "pk": 56, "fields": {"action_time": "2025-02-05T06:34:46.612Z", "user": 1, "content_type": 13, "object_id": "15", "object_repr": "Samburu", "action_flag": 1, "change_message": "[{\"added\": {}}]"}}, {"model": "admin.logentry", "pk": 57, "fields": {"action_time": "2025-02-05T06:35:22.823Z", "user": 1, "content_type": 13, "object_id": "16", "object_repr": "Trans-Nzoia", "action_flag": 1, "change_message": "[{\"added\": {}}]"}}, {"model": "admin.logentry", "pk": 58, "fields": {"action_time": "2025-02-05T06:35:31.658Z", "user": 1, "content_type": 13, "object_id": "17", "object_repr": "Uasin Gishu", "action_flag": 1, "change_message": "[{\"added\": {}}]"}}, {"model": "admin.logentry", "pk": 59, "fields": {"action_time": "2025-02-05T06:35:42.211Z", "user": 1, "content_type": 13, "object_id": "18", "object_repr": "Elgeyo-Marakwet", "action_flag": 1, "change_message": "[{\"added\": {}}]"}}, {"model": "admin.logentry", "pk": 60, "fields": {"action_time": "2025-02-05T06:35:55.506Z", "user": 1, "content_type": 13, "object_id": "19", "object_repr": "Nandi", "action_flag": 1, "change_message": "[{\"added\": {}}]"}}, {"model": "admin.logentry", "pk": 61, "fields": {"action_time": "2025-02-05T06:36:05.643Z", "user": 1, "content_type": 13, "object_id": "20", "object_repr": "Baringo", "action_flag": 1, "change_message": "[{\"added\": {}}]"}}, {"model": "admin.logentry", "pk": 62, "fields": {"action_time": "2025-02-05T06:36:13.429Z", "user": 1, "content_type": 13, "object_id": "21", "object_repr": "Bomet", "action_flag": 1, "change_message": "[{\"added\": {}}]"}}, {"model": "admin.logentry", "pk": 63, "fields": {"action_time": "2025-02-05T06:36:20.296Z", "user": 1, "content_type": 13, "object_id": "22", "object_repr": "Bungoma", "action_flag": 1, "change_message": "[{\"added\": {}}]"}}, {"model": "admin.logentry", "pk": 64, "fields": {"action_time": "2025-02-05T06:36:27.629Z", "user": 1, "content_type": 13, "object_id": "23", "object_repr": "Busia", "action_flag": 1, "change_message": "[{\"added\": {}}]"}}, {"model": "admin.logentry", "pk": 65, "fields": {"action_time": "2025-02-05T06:36:35.347Z", "user": 1, "content_type": 13, "object_id": "24", "object_repr": "Embu", "action_flag": 1, "change_message": "[{\"added\": {}}]"}}, {"model": "admin.logentry", "pk": 66, "fields": {"action_time": "2025-02-05T06:36:44.329Z", "user": 1, "content_type": 13, "object_id": "25", "object_repr": "Garissa", "action_flag": 1, "change_message": "[{\"added\": {}}]"}}, {"model": "admin.logentry", "pk": 67, "fields": {"action_time": "2025-02-05T06:36:52.795Z", "user": 1, "content_type": 13, "object_id": "26", "object_repr": "Homa Bay", "action_flag": 1, "change_message": "[{\"added\": {}}]"}}, {"model": "admin.logentry", "pk": 68, "fields": {"action_time": "2025-02-05T06:37:06.013Z", "user": 1, "content_type": 13, "object_id": "27", "object_repr": "Isiolo", "action_flag": 1, "change_message": "[{\"added\": {}}]"}}, {"model": "admin.logentry", "pk": 69, "fields": {"action_time": "2025-02-05T06:37:14.369Z", "user": 1, "content_type": 13, "object_id": "28", "object_repr": "Kajiado", "action_flag": 1, "change_message": "[{\"added\": {}}]"}}, {"model": "admin.logentry", "pk": 70, "fields": {"action_time": "2025-02-05T06:37:25.144Z", "user": 1, "content_type": 13, "object_id": "29", "object_repr": "Kakamega", "action_flag": 1, "change_message": "[{\"added\": {}}]"}}, {"model": "admin.logentry", "pk": 71, "fields": {"action_time": "2025-02-05T06:37:34.145Z", "user": 1, "content_type": 13, "object_id": "30", "object_repr": "Kericho", "action_flag": 1, "change_message": "[{\"added\": {}}]"}}, {"model": "admin.logentry", "pk": 72, "fields": {"action_time": "2025-02-05T06:37:44.695Z", "user": 1, "content_type": 13, "object_id": "31", "object_repr": "Kisii", "action_flag": 1, "change_message": "[{\"added\": {}}]"}}, {"model": "admin.logentry", "pk": 73, "fields": {"action_time": "2025-02-05T06:37:54.259Z", "user": 1, "content_type": 13, "object_id": "32", "object_repr": "Kisumu", "action_flag": 1, "change_message": "[{\"added\": {}}]"}}, {"model": "admin.logentry", "pk": 74, "fields": {"action_time": "2025-02-05T06:38:02.900Z", "user": 1, "content_type": 13, "object_id": "33", "object_repr": "Kitui", "action_flag": 1, "change_message": "[{\"added\": {}}]"}}, {"model": "admin.logentry", "pk": 75, "fields": {"action_time": "2025-02-05T06:38:11.318Z", "user": 1, "content_type": 13, "object_id": "34", "object_repr": "Machakos", "action_flag": 1, "change_message": "[{\"added\": {}}]"}}, {"model": "admin.logentry", "pk": 76, "fields": {"action_time": "2025-02-05T06:38:21.166Z", "user": 1, "content_type": 13, "object_id": "35", "object_repr": "Makueni", "action_flag": 1, "change_message": "[{\"added\": {}}]"}}, {"model": "admin.logentry", "pk": 77, "fields": {"action_time": "2025-02-05T06:38:29.736Z", "user": 1, "content_type": 13, "object_id": "36", "object_repr": "Mandera", "action_flag": 1, "change_message": "[{\"added\": {}}]"}}, {"model": "admin.logentry", "pk": 78, "fields": {"action_time": "2025-02-05T06:38:38.933Z", "user": 1, "content_type": 13, "object_id": "37", "object_repr": "Marsabit", "action_flag": 1, "change_message": "[{\"added\": {}}]"}}, {"model": "admin.logentry", "pk": 79, "fields": {"action_time": "2025-02-05T06:38:48.752Z", "user": 1, "content_type": 13, "object_id": "38", "object_repr": "Meru", "action_flag": 1, "change_message": "[{\"added\": {}}]"}}, {"model": "admin.logentry", "pk": 80, "fields": {"action_time": "2025-02-05T06:38:56.341Z", "user": 1, "content_type": 13, "object_id": "39", "object_repr": "Migori", "action_flag": 1, "change_message": "[{\"added\": {}}]"}}, {"model": "admin.logentry", "pk": 81, "fields": {"action_time": "2025-02-05T06:39:05.824Z", "user": 1, "content_type": 13, "object_id": "40", "object_repr": "Narok", "action_flag": 1, "change_message": "[{\"added\": {}}]"}}, {"model": "admin.logentry", "pk": 82, "fields": {"action_time": "2025-02-05T06:39:13.536Z", "user": 1, "content_type": 13, "object_id": "41", "object_repr": "Nyamira", "action_flag": 1, "change_message": "[{\"added\": {}}]"}}, {"model": "admin.logentry", "pk": 83, "fields": {"action_time": "2025-02-05T06:39:23.873Z", "user": 1, "content_type": 13, "object_id": "42", "object_repr": "Siaya", "action_flag": 1, "change_message": "[{\"added\": {}}]"}}, {"model": "admin.logentry", "pk": 84, "fields": {"action_time": "2025-02-05T06:39:32.017Z", "user": 1, "content_type": 13, "object_id": "43", "object_repr": "Tharaka-Nithi", "action_flag": 1, "change_message": "[{\"added\": {}}]"}}, {"model": "admin.logentry", "pk": 85, "fields": {"action_time": "2025-02-05T06:39:38.958Z", "user": 1, "content_type": 13, "object_id": "44", "object_repr": "Turkana", "action_flag": 1, "change_message": "[{\"added\": {}}]"}}, {"model": "admin.logentry", "pk": 86, "fields": {"action_time": "2025-02-05T06:39:45.878Z", "user": 1, "content_type": 13, "object_id": "45", "object_repr": "Vihiga", "action_flag": 1, "change_message": "[{\"added\": {}}]"}}, {"model": "admin.logentry", "pk": 87, "fields": {"action_time": "2025-02-05T06:39:52.721Z", "user": 1, "content_type": 13, "object_id": "46", "object_repr": "Wajir", "action_flag": 1, "change_message": "[{\"added\": {}}]"}}, {"model": "admin.logentry", "pk": 88, "fields": {"action_time": "2025-02-05T06:40:01.113Z", "user": 1, "content_type": 13, "object_id": "47", "object_repr": "West Pokot", "action_flag": 1, "change_message": "[{\"added\": {}}]"}}, {"model": "admin.logentry", "pk": 89, "fields": {"action_time": "2025-02-05T06:41:13.796Z", "user": 1, "content_type": 15, "object_id": "1", "object_repr": "Mombasa (Mombasa)", "action_flag": 1, "change_message": "[{\"added\": {}}]"}}, {"model": "admin.logentry", "pk": 90, "fields": {"action_time": "2025-02-05T06:41:43.286Z", "user": 1, "content_type": 15, "object_id": "2", "object_repr": "Likoni (Mombasa)", "action_flag": 1, "change_message": "[{\"added\": {}}]"}}, {"model": "admin.logentry", "pk": 91, "fields": {"action_time": "2025-02-05T06:42:01.965Z", "user": 1, "content_type": 15, "object_id": "3", "object_repr": "Kisauni (Mombasa)", "action_flag": 1, "change_message": "[{\"added\": {}}]"}}, {"model": "admin.logentry", "pk": 92, "fields": {"action_time": "2025-02-05T06:42:15.980Z", "user": 1, "content_type": 15, "object_id": "4", "object_repr": "Nyali (Mombasa)", "action_flag": 1, "change_message": "[{\"added\": {}}]"}}, {"model": "admin.logentry", "pk": 93, "fields": {"action_time": "2025-02-05T06:42:25.540Z", "user": 1, "content_type": 15, "object_id": "5", "object_repr": "Mtwapa (Kilifi)", "action_flag": 1, "change_message": "[{\"added\": {}}]"}}, {"model": "admin.logentry", "pk": 94, "fields": {"action_time": "2025-02-05T06:42:53.405Z", "user": 1, "content_type": 15, "object_id": "6", "object_repr": "Lamu (Lamu)", "action_flag": 1, "change_message": "[{\"added\": {}}]"}}, {"model": "admin.logentry", "pk": 95, "fields": {"action_time": "2025-02-05T07:04:43.609Z", "user": 1, "content_type": 7, "object_id": "2", "object_repr": "Container Homes for Rent - celyne - Lamu, Mombasa", "action_flag": 1, "change_message": "[{\"added\": {}}, {\"added\": {\"name\": \"ads images\", \"object\": \"Image for Container Homes for Rent\"}}, {\"added\": {\"name\": \"ads images\", \"object\": \"Image for Container Homes for Rent\"}}, {\"added\": {\"name\": \"ads images\", \"object\": \"Image for Container Homes for Rent\"}}]"}}, {"model": "admin.logentry", "pk": 96, "fields": {"action_time": "2025-02-05T09:43:09.693Z", "user": 1, "content_type": 11, "object_id": "41", "object_repr": "40", "action_flag": 3, "change_message": ""}}, {"model": "admin.logentry", "pk": 97, "fields": {"action_time": "2025-02-05T09:43:30.186Z", "user": 1, "content_type": 15, "object_id": "7", "object_repr": "2 (1)", "action_flag": 3, "change_message": ""}}, {"model": "admin.logentry", "pk": 98, "fields": {"action_time": "2025-02-05T09:43:49.344Z", "user": 1, "content_type": 13, "object_id": "48", "object_repr": "1", "action_flag": 3, "change_message": ""}}, {"model": "admin.logentry", "pk": 99, "fields": {"action_time": "2025-02-05T09:55:07.694Z", "user": 1, "content_type": 7, "object_id": "6", "object_repr": "Samsung 55 Inch DU7010 Crystal UHD 4K Smart TV - Tee - Likoni, Mombasa", "action_flag": 2, "change_message": "[{\"changed\": {\"fields\": [\"description\", \"phone\"]}}, {\"changed\": {\"name\": \"ads images\", \"object\": \"Image for Samsung 55 Inch DU7010 Crystal UHD 4K Smart TV\", \"fields\": [\"is_primary\"]}}]"}}, {"model": "admin.logentry", "pk": 100, "fields": {"action_time": "2025-02-05T10:04:24.280Z", "user": 1, "content_type": 15, "object_id": "8", "object_repr": "Mpeketoni (Lamu)", "action_flag": 1, "change_message": "[{\"added\": {}}]"}}, {"model": "admin.logentry", "pk": 101, "fields": {"action_time": "2025-02-05T10:04:37.096Z", "user": 1, "content_type": 15, "object_id": "9", "object_repr": "Faza (Lamu)", "action_flag": 1, "change_message": "[{\"added\": {}}]"}}, {"model": "admin.logentry", "pk": 102, "fields": {"action_time": "2025-02-05T10:04:49.349Z", "user": 1, "content_type": 15, "object_id": "10", "object_repr": "Witu (Lamu)", "action_flag": 1, "change_message": "[{\"added\": {}}]"}}, {"model": "admin.logentry", "pk": 103, "fields": {"action_time": "2025-02-05T10:05:01.121Z", "user": 1, "content_type": 15, "object_id": "11", "object_repr": "Taita-Taveta (Taita-Taveta)", "action_flag": 1, "change_message": "[{\"added\": {}}]"}}, {"model": "admin.logentry", "pk": 104, "fields": {"action_time": "2025-02-05T10:05:10.480Z", "user": 1, "content_type": 15, "object_id": "12", "object_repr": "Voi (Taita-Taveta)", "action_flag": 1, "change_message": "[{\"added\": {}}]"}}, {"model": "admin.logentry", "pk": 105, "fields": {"action_time": "2025-02-05T10:05:22.240Z", "user": 1, "content_type": 15, "object_id": "13", "object_repr": "Mwatate (Taita-Taveta)", "action_flag": 1, "change_message": "[{\"added\": {}}]"}}, {"model": "admin.logentry", "pk": 106, "fields": {"action_time": "2025-02-05T10:05:34.259Z", "user": 1, "content_type": 15, "object_id": "14", "object_repr": "Taveta (Taita-Taveta)", "action_flag": 1, "change_message": "[{\"added\": {}}]"}}, {"model": "admin.logentry", "pk": 107, "fields": {"action_time": "2025-02-05T10:05:45.689Z", "user": 1, "content_type": 15, "object_id": "15", "object_repr": "Wundanyi (Taita-Taveta)", "action_flag": 1, "change_message": "[{\"added\": {}}]"}}, {"model": "admin.logentry", "pk": 108, "fields": {"action_time": "2025-02-05T10:06:04.398Z", "user": 1, "content_type": 15, "object_id": "16", "object_repr": "Nairobi (Nairobi)", "action_flag": 1, "change_message": "[{\"added\": {}}]"}}, {"model": "admin.logentry", "pk": 109, "fields": {"action_time": "2025-02-05T10:06:18.861Z", "user": 1, "content_type": 15, "object_id": "17", "object_repr": "Karen (Nairobi)", "action_flag": 1, "change_message": "[{\"added\": {}}]"}}, {"model": "admin.logentry", "pk": 110, "fields": {"action_time": "2025-02-05T10:06:33.312Z", "user": 1, "content_type": 15, "object_id": "18", "object_repr": "Lang'ata (Nairobi)", "action_flag": 1, "change_message": "[{\"added\": {}}]"}}, {"model": "admin.logentry", "pk": 111, "fields": {"action_time": "2025-02-05T10:06:46.100Z", "user": 1, "content_type": 15, "object_id": "19", "object_repr": "Westlands (Nairobi)", "action_flag": 1, "change_message": "[{\"added\": {}}]"}}, {"model": "admin.logentry", "pk": 112, "fields": {"action_time": "2025-02-05T10:07:01.647Z", "user": 1, "content_type": 15, "object_id": "20", "object_repr": "Embakasi (Nairobi)", "action_flag": 1, "change_message": "[{\"added\": {}}]"}}, {"model": "admin.logentry", "pk": 113, "fields": {"action_time": "2025-02-05T10:07:16.591Z", "user": 1, "content_type": 15, "object_id": "21", "object_repr": "Kasarani (Nairobi)", "action_flag": 1, "change_message": "[{\"added\": {}}]"}}, {"model": "admin.logentry", "pk": 114, "fields": {"action_time": "2025-02-05T10:07:57.339Z", "user": 1, "content_type": 15, "object_id": "22", "object_repr": "Kisumu (Kisumu)", "action_flag": 1, "change_message": "[{\"added\": {}}]"}}, {"model": "admin.logentry", "pk": 115, "fields": {"action_time": "2025-02-05T10:08:22.731Z", "user": 1, "content_type": 15, "object_id": "23", "object_repr": "Ahero (Kisumu)", "action_flag": 1, "change_message": "[{\"added\": {}}]"}}, {"model": "admin.logentry", "pk": 116, "fields": {"action_time": "2025-02-05T10:08:41.692Z", "user": 1, "content_type": 15, "object_id": "24", "object_repr": "Muhoroni (Kisumu)", "action_flag": 1, "change_message": "[{\"added\": {}}]"}}, {"model": "admin.logentry", "pk": 117, "fields": {"action_time": "2025-02-05T10:09:20.653Z", "user": 1, "content_type": 15, "object_id": "25", "object_repr": "Homa Bay (Homa Bay)", "action_flag": 1, "change_message": "[{\"added\": {}}]"}}, {"model": "admin.logentry", "pk": 118, "fields": {"action_time": "2025-02-05T10:09:34.962Z", "user": 1, "content_type": 15, "object_id": "26", "object_repr": "Kendu Bay (Homa Bay)", "action_flag": 1, "change_message": "[{\"added\": {}}]"}}, {"model": "admin.logentry", "pk": 119, "fields": {"action_time": "2025-02-05T10:09:48.188Z", "user": 1, "content_type": 15, "object_id": "27", "object_repr": "Mbita (Homa Bay)", "action_flag": 1, "change_message": "[{\"added\": {}}]"}}, {"model": "admin.logentry", "pk": 120, "fields": {"action_time": "2025-02-05T10:10:05.081Z", "user": 1, "content_type": 15, "object_id": "28", "object_repr": "Oyugis (Homa Bay)", "action_flag": 1, "change_message": "[{\"added\": {}}]"}}, {"model": "admin.logentry", "pk": 121, "fields": {"action_time": "2025-02-05T10:10:28.355Z", "user": 1, "content_type": 15, "object_id": "29", "object_repr": "Migori (Migori)", "action_flag": 1, "change_message": "[{\"added\": {}}]"}}, {"model": "admin.logentry", "pk": 122, "fields": {"action_time": "2025-02-05T10:12:27.063Z", "user": 1, "content_type": 15, "object_id": "30", "object_repr": "Rongo (Migori)", "action_flag": 1, "change_message": "[{\"added\": {}}]"}}, {"model": "admin.logentry", "pk": 123, "fields": {"action_time": "2025-02-05T10:12:46.257Z", "user": 1, "content_type": 15, "object_id": "31", "object_repr": "Awendo (Migori)", "action_flag": 1, "change_message": "[{\"added\": {}}]"}}, {"model": "admin.logentry", "pk": 124, "fields": {"action_time": "2025-02-05T10:13:02.519Z", "user": 1, "content_type": 15, "object_id": "32", "object_repr": "Uriri (Migori)", "action_flag": 1, "change_message": "[{\"added\": {}}]"}}, {"model": "admin.logentry", "pk": 125, "fields": {"action_time": "2025-02-05T10:13:23.158Z", "user": 1, "content_type": 15, "object_id": "33", "object_repr": "Siaya (Siaya)", "action_flag": 1, "change_message": "[{\"added\": {}}]"}}, {"model": "admin.logentry", "pk": 126, "fields": {"action_time": "2025-02-05T10:13:40.483Z", "user": 1, "content_type": 15, "object_id": "34", "object_repr": "Bondo (Siaya)", "action_flag": 1, "change_message": "[{\"added\": {}}]"}}, {"model": "admin.logentry", "pk": 127, "fields": {"action_time": "2025-02-05T10:14:00.604Z", "user": 1, "content_type": 15, "object_id": "35", "object_repr": "Ugunja (Siaya)", "action_flag": 1, "change_message": "[{\"added\": {}}]"}}, {"model": "admin.logentry", "pk": 128, "fields": {"action_time": "2025-02-05T10:14:50.538Z", "user": 1, "content_type": 15, "object_id": "36", "object_repr": "Yala (Siaya)", "action_flag": 1, "change_message": "[{\"added\": {}}]"}}, {"model": "admin.logentry", "pk": 129, "fields": {"action_time": "2025-02-05T10:15:20.332Z", "user": 1, "content_type": 15, "object_id": "37", "object_repr": "Nakuru (Nakuru)", "action_flag": 1, "change_message": "[{\"added\": {}}]"}}, {"model": "admin.logentry", "pk": 130, "fields": {"action_time": "2025-02-05T10:15:56.837Z", "user": 1, "content_type": 15, "object_id": "38", "object_repr": "Naivasha (Nakuru)", "action_flag": 1, "change_message": "[{\"added\": {}}]"}}, {"model": "admin.logentry", "pk": 131, "fields": {"action_time": "2025-02-05T10:16:13.892Z", "user": 1, "content_type": 15, "object_id": "39", "object_repr": "Gilgil (Nakuru)", "action_flag": 1, "change_message": "[{\"added\": {}}]"}}, {"model": "admin.logentry", "pk": 132, "fields": {"action_time": "2025-02-05T10:16:30.324Z", "user": 1, "content_type": 15, "object_id": "40", "object_repr": "Molo (Nakuru)", "action_flag": 1, "change_message": "[{\"added\": {}}]"}}, {"model": "admin.logentry", "pk": 133, "fields": {"action_time": "2025-02-05T10:16:49.674Z", "user": 1, "content_type": 15, "object_id": "41", "object_repr": "Njoro (Nakuru)", "action_flag": 1, "change_message": "[{\"added\": {}}]"}}, {"model": "admin.logentry", "pk": 134, "fields": {"action_time": "2025-02-05T10:18:23.079Z", "user": 1, "content_type": 15, "object_id": "42", "object_repr": "Uasin Gishu (Uasin Gishu)", "action_flag": 1, "change_message": "[{\"added\": {}}]"}}, {"model": "admin.logentry", "pk": 135, "fields": {"action_time": "2025-02-05T10:18:40.508Z", "user": 1, "content_type": 15, "object_id": "43", "object_repr": "Kesses (Uasin Gishu)", "action_flag": 1, "change_message": "[{\"added\": {}}]"}}, {"model": "admin.logentry", "pk": 136, "fields": {"action_time": "2025-02-05T10:18:54.605Z", "user": 1, "content_type": 15, "object_id": "44", "object_repr": "Moiben (Uasin Gishu)", "action_flag": 1, "change_message": "[{\"added\": {}}]"}}, {"model": "admin.logentry", "pk": 137, "fields": {"action_time": "2025-02-05T10:19:10.621Z", "user": 1, "content_type": 15, "object_id": "45", "object_repr": "Burnt Forest (Uasin Gishu)", "action_flag": 1, "change_message": "[{\"added\": {}}]"}}, {"model": "admin.logentry", "pk": 138, "fields": {"action_time": "2025-02-05T10:19:47.894Z", "user": 1, "content_type": 15, "object_id": "46", "object_repr": "Ziwa (Uasin Gishu)", "action_flag": 1, "change_message": "[{\"added\": {}}]"}}, {"model": "admin.logentry", "pk": 139, "fields": {"action_time": "2025-02-05T10:20:18.784Z", "user": 1, "content_type": 15, "object_id": "47", "object_repr": "Turkana (Turkana)", "action_flag": 1, "change_message": "[{\"added\": {}}]"}}, {"model": "admin.logentry", "pk": 140, "fields": {"action_time": "2025-02-05T10:20:45.545Z", "user": 1, "content_type": 15, "object_id": "48", "object_repr": "Kakuma (Turkana)", "action_flag": 1, "change_message": "[{\"added\": {}}]"}}, {"model": "admin.logentry", "pk": 141, "fields": {"action_time": "2025-02-05T10:21:02.808Z", "user": 1, "content_type": 15, "object_id": "49", "object_repr": "Lokichogio (Turkana)", "action_flag": 1, "change_message": "[{\"added\": {}}]"}}, {"model": "admin.logentry", "pk": 142, "fields": {"action_time": "2025-02-05T10:21:39.107Z", "user": 1, "content_type": 15, "object_id": "50", "object_repr": "Kalokol (Turkana)", "action_flag": 1, "change_message": "[{\"added\": {}}]"}}, {"model": "admin.logentry", "pk": 143, "fields": {"action_time": "2025-02-05T10:21:59.786Z", "user": 1, "content_type": 15, "object_id": "51", "object_repr": "Lokichar (Turkana)", "action_flag": 1, "change_message": "[{\"added\": {}}]"}}, {"model": "admin.logentry", "pk": 144, "fields": {"action_time": "2025-02-05T10:23:36.219Z", "user": 1, "content_type": 15, "object_id": "52", "object_repr": "West Pokot (West Pokot)", "action_flag": 1, "change_message": "[{\"added\": {}}]"}}, {"model": "admin.logentry", "pk": 145, "fields": {"action_time": "2025-02-05T10:23:54.159Z", "user": 1, "content_type": 15, "object_id": "53", "object_repr": "Kacheliba (West Pokot)", "action_flag": 1, "change_message": "[{\"added\": {}}]"}}, {"model": "admin.logentry", "pk": 146, "fields": {"action_time": "2025-02-05T10:24:30.936Z", "user": 1, "content_type": 15, "object_id": "54", "object_repr": "Alale (West Pokot)", "action_flag": 1, "change_message": "[{\"added\": {}}]"}}, {"model": "admin.logentry", "pk": 147, "fields": {"action_time": "2025-02-05T10:24:53.174Z", "user": 1, "content_type": 15, "object_id": "55", "object_repr": "Sigor (West Pokot)", "action_flag": 1, "change_message": "[{\"added\": {}}]"}}, {"model": "admin.logentry", "pk": 148, "fields": {"action_time": "2025-02-05T10:25:28.401Z", "user": 1, "content_type": 15, "object_id": "56", "object_repr": "Lomut (West Pokot)", "action_flag": 1, "change_message": "[{\"added\": {}}]"}}, {"model": "admin.logentry", "pk": 149, "fields": {"action_time": "2025-02-05T10:25:51.661Z", "user": 1, "content_type": 15, "object_id": "57", "object_repr": "Baringo (Baringo)", "action_flag": 1, "change_message": "[{\"added\": {}}]"}}, {"model": "admin.logentry", "pk": 150, "fields": {"action_time": "2025-02-05T10:26:23.450Z", "user": 1, "content_type": 15, "object_id": "58", "object_repr": "Marigat (Baringo)", "action_flag": 1, "change_message": "[{\"added\": {}}]"}}, {"model": "admin.logentry", "pk": 151, "fields": {"action_time": "2025-02-05T10:26:39.773Z", "user": 1, "content_type": 15, "object_id": "59", "object_repr": "Kabarnet (Baringo)", "action_flag": 1, "change_message": "[{\"added\": {}}]"}}, {"model": "admin.logentry", "pk": 152, "fields": {"action_time": "2025-02-05T10:26:54.934Z", "user": 1, "content_type": 15, "object_id": "60", "object_repr": "Mogotio (Baringo)", "action_flag": 1, "change_message": "[{\"added\": {}}]"}}, {"model": "admin.logentry", "pk": 153, "fields": {"action_time": "2025-02-05T10:27:09.689Z", "user": 1, "content_type": 15, "object_id": "61", "object_repr": "Eldama Ravine (Baringo)", "action_flag": 1, "change_message": "[{\"added\": {}}]"}}, {"model": "admin.logentry", "pk": 154, "fields": {"action_time": "2025-02-05T10:28:08.708Z", "user": 1, "content_type": 15, "object_id": "62", "object_repr": "Bomet (Bomet)", "action_flag": 1, "change_message": "[{\"added\": {}}]"}}, {"model": "admin.logentry", "pk": 155, "fields": {"action_time": "2025-02-05T10:45:12.536Z", "user": 1, "content_type": 11, "object_id": "42", "object_repr": "Adult Products", "action_flag": 1, "change_message": "[{\"added\": {}}]"}}, {"model": "admin.logentry", "pk": 156, "fields": {"action_time": "2025-02-05T10:45:20.726Z", "user": 1, "content_type": 11, "object_id": "43", "object_repr": "Intimacy & Relationships", "action_flag": 1, "change_message": "[{\"added\": {}}]"}}, {"model": "admin.logentry", "pk": 157, "fields": {"action_time": "2025-02-05T10:54:00.248Z", "user": 1, "content_type": 7, "object_id": "7", "object_repr": "Dell Latitude 5430 - Tee - Karen, Nairobi", "action_flag": 2, "change_message": "[{\"changed\": {\"fields\": [\"is_featured\"]}}]"}}, {"model": "admin.logentry", "pk": 158, "fields": {"action_time": "2025-02-05T11:05:23.967Z", "user": 1, "content_type": 7, "object_id": "3", "object_repr": "Vintage Cars for Sale - celyne - Likoni, Mombasa", "action_flag": 2, "change_message": "[{\"changed\": {\"fields\": [\"is_featured\"]}}]"}}, {"model": "admin.logentry", "pk": 159, "fields": {"action_time": "2025-02-05T11:12:53.895Z", "user": 1, "content_type": 8, "object_id": "1", "object_repr": "banner", "action_flag": 1, "change_message": "[{\"added\": {}}]"}}, {"model": "admin.logentry", "pk": 160, "fields": {"action_time": "2025-02-05T11:19:26.690Z", "user": 1, "content_type": 7, "object_id": "8", "object_repr": "Pioneer D Series car speaker system TS-D65C - Tee - Lang'ata, Nairobi", "action_flag": 2, "change_message": "[{\"changed\": {\"fields\": [\"category\", \"description\", \"phone\"]}}, {\"changed\": {\"name\": \"ads images\", \"object\": \"Image for Pioneer D Series car speaker system TS-D65C\", \"fields\": [\"is_primary\"]}}]"}}, {"model": "admin.logentry", "pk": 161, "fields": {"action_time": "2025-02-06T09:45:07.334Z", "user": 1, "content_type": 8, "object_id": "1", "object_repr": "banner", "action_flag": 3, "change_message": ""}}, {"model": "admin.logentry", "pk": 162, "fields": {"action_time": "2025-02-06T09:45:34.946Z", "user": 1, "content_type": 10, "object_id": "1", "object_repr": "Top", "action_flag": 1, "change_message": "[{\"added\": {}}]"}}, {"model": "admin.logentry", "pk": 163, "fields": {"action_time": "2025-02-06T09:50:59.149Z", "user": 1, "content_type": 8, "object_id": "2", "object_repr": "bottom", "action_flag": 1, "change_message": "[{\"added\": {}}]"}}, {"model": "admin.logentry", "pk": 164, "fields": {"action_time": "2025-02-06T09:56:28.328Z", "user": 1, "content_type": 10, "object_id": "2", "object_repr": "top1", "action_flag": 1, "change_message": "[{\"added\": {}}]"}}, {"model": "admin.logentry", "pk": 165, "fields": {"action_time": "2025-02-06T09:56:37.993Z", "user": 1, "content_type": 10, "object_id": "3", "object_repr": "top2", "action_flag": 1, "change_message": "[{\"added\": {}}]"}}, {"model": "admin.logentry", "pk": 166, "fields": {"action_time": "2025-02-06T09:57:16.225Z", "user": 1, "content_type": 10, "object_id": "3", "object_repr": "top2", "action_flag": 3, "change_message": ""}}, {"model": "admin.logentry", "pk": 167, "fields": {"action_time": "2025-02-06T09:57:16.270Z", "user": 1, "content_type": 10, "object_id": "2", "object_repr": "top1", "action_flag": 3, "change_message": ""}}, {"model": "admin.logentry", "pk": 168, "fields": {"action_time": "2025-02-06T10:05:09.735Z", "user": 1, "content_type": 8, "object_id": "3", "object_repr": "bottom1", "action_flag": 1, "change_message": "[{\"added\": {}}]"}}, {"model": "admin.logentry", "pk": 169, "fields": {"action_time": "2025-02-06T10:05:22.420Z", "user": 1, "content_type": 8, "object_id": "4", "object_repr": "bottom2", "action_flag": 1, "change_message": "[{\"added\": {}}]"}}, {"model": "admin.logentry", "pk": 170, "fields": {"action_time": "2025-02-06T10:16:00.171Z", "user": 1, "content_type": 10, "object_id": "4", "object_repr": "top1", "action_flag": 1, "change_message": "[{\"added\": {}}]"}}, {"model": "admin.logentry", "pk": 171, "fields": {"action_time": "2025-02-06T10:16:08.805Z", "user": 1, "content_type": 10, "object_id": "5", "object_repr": "top2", "action_flag": 1, "change_message": "[{\"added\": {}}]"}}, {"model": "admin.logentry", "pk": 172, "fields": {"action_time": "2025-02-06T12:54:08.216Z", "user": 1, "content_type": 7, "object_id": "8", "object_repr": "Pioneer D Series car speaker system TS-D65C - Tee - Lang'ata, Nairobi", "action_flag": 2, "change_message": "[{\"changed\": {\"fields\": [\"is_featured\"]}}]"}}, {"model": "admin.logentry", "pk": 173, "fields": {"action_time": "2025-02-06T12:54:08.301Z", "user": 1, "content_type": 7, "object_id": "6", "object_repr": "Samsung 55 Inch DU7010 Crystal UHD 4K Smart TV - Tee - Likoni, Mombasa", "action_flag": 2, "change_message": "[{\"changed\": {\"fields\": [\"is_featured\"]}}]"}}, {"model": "admin.logentry", "pk": 174, "fields": {"action_time": "2025-02-06T12:54:53.370Z", "user": 1, "content_type": 7, "object_id": "5", "object_repr": "T-shirts for sale - celyne - Mtwapa, Kilifi", "action_flag": 2, "change_message": "[{\"changed\": {\"fields\": [\"is_featured\"]}}]"}}, {"model": "admin.logentry", "pk": 175, "fields": {"action_time": "2025-02-08T06:25:28.588Z", "user": 1, "content_type": 7, "object_id": "8", "object_repr": "Pioneer D Series car speaker system TS-D65C - Tee - Lang'ata, Nairobi", "action_flag": 2, "change_message": "[{\"changed\": {\"name\": \"ads images\", \"object\": \"Image for Pioneer D Series car speaker system TS-D65C\", \"fields\": [\"image\"]}}, {\"changed\": {\"name\": \"ads images\", \"object\": \"Image for Pioneer D Series car speaker system TS-D65C\", \"fields\": [\"image\"]}}, {\"changed\": {\"name\": \"ads images\", \"object\": \"Image for Pioneer D Series car speaker system TS-D65C\", \"fields\": [\"image\"]}}]"}}, {"model": "admin.logentry", "pk": 176, "fields": {"action_time": "2025-02-08T06:27:34.388Z", "user": 1, "content_type": 7, "object_id": "7", "object_repr": "Dell Latitude 5430 - Tee - Karen, Nairobi", "action_flag": 2, "change_message": "[{\"changed\": {\"fields\": [\"description\", \"phone\"]}}, {\"changed\": {\"name\": \"ads images\", \"object\": \"Image for Dell Latitude 5430\", \"fields\": [\"image\"]}}, {\"changed\": {\"name\": \"ads images\", \"object\": \"Image for Dell Latitude 5430\", \"fields\": [\"image\"]}}]"}}, {"model": "admin.logentry", "pk": 177, "fields": {"action_time": "2025-02-08T06:29:18.180Z", "user": 1, "content_type": 7, "object_id": "6", "object_repr": "Samsung 55 Inch DU7010 Crystal UHD 4K Smart TV - Tee - Likoni, Mombasa", "action_flag": 2, "change_message": "[{\"changed\": {\"name\": \"ads images\", \"object\": \"Image for Samsung 55 Inch DU7010 Crystal UHD 4K Smart TV\", \"fields\": [\"image\"]}}, {\"changed\": {\"name\": \"ads images\", \"object\": \"Image for Samsung 55 Inch DU7010 Crystal UHD 4K Smart TV\", \"fields\": [\"image\"]}}, {\"changed\": {\"name\": \"ads images\", \"object\": \"Image for Samsung 55 Inch DU7010 Crystal UHD 4K Smart TV\", \"fields\": [\"image\"]}}]"}}, {"model": "admin.logentry", "pk": 178, "fields": {"action_time": "2025-02-08T06:30:43.639Z", "user": 1, "content_type": 7, "object_id": "5", "object_repr": "T-shirts for sale - celyne - Mtwapa, Kilifi", "action_flag": 2, "change_message": "[{\"changed\": {\"fields\": [\"description\", \"phone\"]}}, {\"added\": {\"name\": \"ads images\", \"object\": \"Image for T-shirts for sale\"}}, {\"changed\": {\"name\": \"ads images\", \"object\": \"Image for T-shirts for sale\", \"fields\": [\"image\"]}}]"}}, {"model": "admin.logentry", "pk": 179, "fields": {"action_time": "2025-02-08T06:33:25.298Z", "user": 1, "content_type": 7, "object_id": "2", "object_repr": "Container Homes for Rent - celyne - Lamu, Mombasa", "action_flag": 2, "change_message": "[{\"changed\": {\"name\": \"ads images\", \"object\": \"Image for Container Homes for Rent\", \"fields\": [\"image\"]}}, {\"changed\": {\"name\": \"ads images\", \"object\": \"Image for Container Homes for Rent\", \"fields\": [\"image\"]}}, {\"changed\": {\"name\": \"ads images\", \"object\": \"Image for Container Homes for Rent\", \"fields\": [\"image\"]}}]"}}, {"model": "admin.logentry", "pk": 180, "fields": {"action_time": "2025-02-08T06:34:24.455Z", "user": 1, "content_type": 7, "object_id": "3", "object_repr": "Vintage Cars for Sale - celyne - Likoni, Mombasa", "action_flag": 2, "change_message": "[{\"changed\": {\"fields\": [\"description\", \"phone\"]}}, {\"changed\": {\"name\": \"ads images\", \"object\": \"Image for Vintage Cars for Sale\", \"fields\": [\"image\"]}}, {\"changed\": {\"name\": \"ads images\", \"object\": \"Image for Vintage Cars for Sale\", \"fields\": [\"image\"]}}]"}}, {"model": "admin.logentry", "pk": 181, "fields": {"action_time": "2025-02-10T13:35:14.333Z", "user": 1, "content_type": 4, "object_id": "5", "object_repr": "Diana", "action_flag": 3, "change_message": ""}}, {"model": "admin.logentry", "pk": 182, "fields": {"action_time": "2025-02-10T15:39:39.993Z", "user": 1, "content_type": 4, "object_id": "6", "object_repr": "Diana", "action_flag": 3, "change_message": ""}}, {"model": "admin.logentry", "pk": 183, "fields": {"action_time": "2025-02-10T15:52:52.567Z", "user": 1, "content_type": 4, "object_id": "8", "object_repr": "Donnah", "action_flag": 3, "change_message": ""}}, {"model": "admin.logentry", "pk": 184, "fields": {"action_time": "2025-02-10T16:06:42.732Z", "user": 1, "content_type": 4, "object_id": "9", "object_repr": "zee", "action_flag": 3, "change_message": ""}}, {"model": "admin.logentry", "pk": 185, "fields": {"action_time": "2025-02-10T16:08:50.649Z", "user": 1, "content_type": 4, "object_id": "10", "object_repr": "zee", "action_flag": 3, "change_message": ""}}, {"model": "admin.logentry", "pk": 186, "fields": {"action_time": "2025-02-10T16:09:04.424Z", "user": 1, "content_type": 4, "object_id": "7", "object_repr": "Diana", "action_flag": 3, "change_message": ""}}, {"model": "admin.logentry", "pk": 187, "fields": {"action_time": "2025-02-10T16:22:42.052Z", "user": 1, "content_type": 4, "object_id": "11", "object_repr": "zee", "action_flag": 3, "change_message": ""}}, {"model": "admin.logentry", "pk": 188, "fields": {"action_time": "2025-02-10T16:30:43.568Z", "user": 1, "content_type": 4, "object_id": "12", "object_repr": "zee", "action_flag": 3, "change_message": ""}}, {"model": "admin.logentry", "pk": 189, "fields": {"action_time": "2025-02-10T17:41:26.351Z", "user": 1, "content_type": 4, "object_id": "13", "object_repr": "Zary", "action_flag": 3, "change_message": ""}}, {"model": "admin.logentry", "pk": 190, "fields": {"action_time": "2025-02-12T08:21:11.682Z", "user": 1, "content_type": 4, "object_id": "2", "object_repr": "Tee", "action_flag": 3, "change_message": ""}}, {"model": "admin.logentry", "pk": 191, "fields": {"action_time": "2025-02-13T09:26:34.535Z", "user": 1, "content_type": 11, "object_id": "44", "object_repr": "Electronics", "action_flag": 1, "change_message": "[{\"added\": {}}]"}}]